subject,sensor_id,hrs_to_calving,mi,steps,standing_time,lying_time,standing_change,lying_bouts,activity_index
112BL,BL,-23,265,92,3511,89,1,1,94
112BL,BL,-22,253,90,2444,1156,1,0,0
112BL,BL,-21,323,107,3600,0,1,1,107
112BL,BL,-20,145,51,1705,1895,1,0,0
112BL,BL,-19,195,60,3078,522,1,1,70
112BL,BL,-18,79,23,566,3034,1,0,0
112BL,BL,-17,36,5,1812,1788,2,1,10
112BL,BL,-16,223,55,2707,893,0,0,0
112BL,BL,-15,53,10,1393,2207,3,2,103
112BL,BL,-14,77,22,1770,1830,1,0,0
112BL,BL,-13,117,37,2340,1260,2,1,57
112BL,BL,-12,210,58,3600,0,2,1,58
112BL,BL,-11,109,29,3594,6,0,0,0
112BL,BL,-10,209,57,3600,0,0,0,0
112BL,BL,-9,104,19,2978,622,3,2,92
112BL,BL,-8,123,41,2157,1443,1,0,0
112BL,BL,-7,122,30,3129,471,1,1,35
112BL,BL,-6,218,66,2509,1091,1,0,0
112BL,BL,-5,224,68,2954,646,3,2,331
112BL,BL,-4,197,51,1400,2200,5,2,525
112BL,BL,-3,274,76,2685,915,5,3,917
112BL,BL,-2,225,49,1620,1980,9,4,1742
112BL,BL,-1,156,12,3367,233,2,1,13
112BL,BL,0,209,37,2983,617,0,0,0
112BL,BL,1,269,71,3285,315,4,2,311
112BR,BR,-23,306,97,3600,0,0,0,0
112BR,BR,-22,270,83,3600,0,0,0,0
112BR,BR,-21,330,112,3600,0,0,0,0
112BR,BR,-20,160,53,3600,0,0,0,0
112BR,BR,-19,236,74,3600,0,0,0,0
112BR,BR,-18,69,20,3600,0,0,0,0
112BR,BR,-17,37,6,3600,0,0,0,0
112BR,BR,-16,212,69,3600,0,0,0,0
112BR,BR,-15,47,9,3600,0,0,0,0
112BR,BR,-14,80,28,3600,0,0,0,0
112BR,BR,-13,138,25,3600,0,0,0,0
112BR,BR,-12,235,49,3600,0,2,1,49
112BR,BR,-11,117,29,3359,241,0,0,0
112BR,BR,-10,257,53,3600,0,0,0,0
112BR,BR,-9,121,20,3600,0,0,0,0
112BR,BR,-8,139,40,3600,0,0,0,0
112BR,BR,-7,152,38,3600,0,0,0,0
112BR,BR,-6,257,78,3600,0,0,0,0
112BR,BR,-5,186,56,3600,0,0,0,0
112BR,BR,-4,184,54,3059,541,4,2,254
112BR,BR,-3,276,55,1853,1747,9,5,2671
112BR,BR,-2,185,37,1492,2108,7,3,803
112BR,BR,-1,129,12,3336,264,2,1,13
112BR,BR,0,174,21,3015,585,1,1,25
112BR,BR,1,264,72,1581,2019,5,2,656
112FL,FL,-23,362,109,2792,808,2,1,141
112FL,FL,-22,276,90,3160,440,0,0,0
112FL,FL,-21,330,109,3220,380,1,1,122
112FL,FL,-20,270,92,2081,1519,1,0,0
112FL,FL,-19,167,54,2359,1241,1,1,82
112FL,FL,-18,140,40,1282,2318,1,0,0
112FL,FL,-17,73,16,1092,2508,2,1,53
112FL,FL,-16,346,99,3423,177,1,1,104
112FL,FL,-15,32,6,1187,2413,2,1,18
112FL,FL,-14,178,59,1971,1629,2,1,108
112FL,FL,-13,187,48,2337,1263,1,0,0
112FL,FL,-12,240,75,3353,247,2,1,81
112FL,FL,-11,326,93,3600,0,0,0,0
112FL,FL,-10,140,48,3600,0,0,0,0
112FL,FL,-9,70,9,2255,1345,4,2,57
112FL,FL,-8,266,91,2873,727,0,0,0
112FL,FL,-7,212,64,2409,1191,2,1,96
112FL,FL,-6,350,116,3225,375,0,0,0
112FL,FL,-5,269,76,2229,1371,3,2,491
112FL,FL,-4,372,97,1001,2599,9,4,5582
112FL,FL,-3,256,48,1406,2194,9,5,3073
112FL,FL,-2,259,50,1535,2065,5,2,469
112FL,FL,-1,156,40,2747,853,2,1,52
112FL,FL,0,221,60,3489,111,3,2,248
112FL,FL,1,544,137,1317,2283,7,3,3370
126BL,BL,-23,86,18,144,3456,1,0,0
126BL,BL,-22,76,19,3600,0,0,0,0
126BL,BL,-21,166,16,3600,0,2,1,16
126BL,BL,-20,183,27,3270,330,2,1,30
126BL,BL,-19,131,34,2885,715,0,0,0
126BL,BL,-18,224,38,3600,0,0,0,0
126BL,BL,-17,197,29,3600,0,0,0,0
126BL,BL,-16,288,72,3600,0,0,0,0
126BL,BL,-15,290,67,3600,0,0,0,0
126BL,BL,-14,430,115,3600,0,0,0,0
126BL,BL,-13,125,34,3600,0,0,0,0
126BL,BL,-12,188,48,3258,342,2,1,53
126BL,BL,-11,186,39,3600,0,0,0,0
126BL,BL,-10,247,56,3600,0,0,0,0
126BL,BL,-9,226,38,3600,0,0,0,0
126BL,BL,-8,63,11,1624,1976,1,1,24
126BL,BL,-7,105,19,931,2669,1,0,0
126BL,BL,-6,124,19,3022,578,1,1,23
126BL,BL,-5,11,0,5,3595,2,1,0
126BL,BL,-4,99,7,33,3567,1,0,0
126BL,BL,-3,449,57,3600,0,0,0,0
126BL,BL,-2,97,17,1676,1924,2,1,37
126BL,BL,-1,79,3,3600,0,0,0,0
126BL,BL,0,113,9,3600,0,0,0,0
126BL,BL,1,71,1,2700,0,0,0,0
126BR,BR,-23,85,4,183,3417,1,0,0
126BR,BR,-22,103,26,3600,0,0,0,0
126BR,BR,-21,164,16,3600,0,0,0,0
126BR,BR,-20,157,24,3235,365,2,1,27
126BR,BR,-19,156,35,2925,675,0,0,0
126BR,BR,-18,246,43,3600,0,0,0,0
126BR,BR,-17,276,42,3600,0,0,0,0
126BR,BR,-16,399,84,3600,0,0,0,0
126BR,BR,-15,377,94,3600,0,0,0,0
126BR,BR,-14,642,179,3600,0,0,0,0
126BR,BR,-13,239,59,3600,0,0,0,0
126BR,BR,-12,280,51,3261,339,2,1,56
126BR,BR,-11,212,38,3600,0,0,0,0
126BR,BR,-10,242,52,3600,0,0,0,0
126BR,BR,-9,240,44,3600,0,0,0,0
126BR,BR,-8,85,11,1583,2017,1,1,25
126BR,BR,-7,138,21,970,2630,1,0,0
126BR,BR,-6,105,12,2983,617,1,1,14
126BR,BR,-5,37,1,203,3397,2,1,18
126BR,BR,-4,67,2,73,3527,1,0,0
126BR,BR,-3,427,80,3600,0,0,0,0
126BR,BR,-2,98,16,1676,1924,2,1,34
126BR,BR,-1,93,4,3600,0,0,0,0
126BR,BR,0,122,7,3600,0,0,0,0
126BR,BR,1,79,3,2700,0,0,0,0
126FL,FL,-23,72,20,970,2630,1,0,0
126FL,FL,-22,93,35,3600,0,0,0,0
126FL,FL,-21,74,15,3600,0,0,0,0
126FL,FL,-20,102,20,2556,1044,2,1,28
126FL,FL,-19,245,68,3600,0,0,0,0
126FL,FL,-18,236,71,3600,0,0,0,0
126FL,FL,-17,327,95,3600,0,0,0,0
126FL,FL,-16,348,103,3600,0,0,0,0
126FL,FL,-15,303,92,3600,0,0,0,0
126FL,FL,-14,419,119,3600,0,0,0,0
126FL,FL,-13,125,31,3600,0,0,0,0
126FL,FL,-12,287,75,3250,350,2,1,83
126FL,FL,-11,269,80,3600,0,0,0,0
126FL,FL,-10,307,100,3600,0,0,0,0
126FL,FL,-9,213,70,3600,0,1,1,70
126FL,FL,-8,3,0,791,2809,0,0,0
126FL,FL,-7,123,32,1755,1845,1,0,0
126FL,FL,-6,20,2,2189,1411,1,1,3
126FL,FL,-5,20,0,0,3600,0,0,0
126FL,FL,-4,158,33,858,2742,3,1,138
126FL,FL,-3,412,141,3583,17,5,3,1275
126FL,FL,-2,39,3,1671,1929,1,0,0
126FL,FL,-1,91,22,3600,0,0,0,0
126FL,FL,0,71,18,3600,0,0,0,0
126FL,FL,1,83,20,2700,0,0,0,0
127BL,BL,-23,119,34,2840,760,0,0,0
127BL,BL,-22,271,98,3600,0,0,0,0
127BL,BL,-21,91,27,2432,1168,2,1,40
127BL,BL,-20,172,58,3600,0,0,0,0
127BL,BL,-19,43,10,1134,2466,1,1,32
127BL,BL,-18,7,0,0,3600,0,0,0
127BL,BL,-17,73,15,1119,2481,1,0,0
127BL,BL,-16,121,40,3600,0,0,0,0
127BL,BL,-15,96,29,2696,904,1,1,39
127BL,BL,-14,0,0,0,3600,0,0,0
127BL,BL,-13,28,6,2504,1096,1,0,0
127BL,BL,-12,105,37,3600,0,1,1,37
127BL,BL,-11,0,0,439,3161,0,0,0
127BL,BL,-10,139,33,0,3600,1,0,0
127BL,BL,-9,46,10,2810,790,0,0,0
127BL,BL,-8,126,41,2169,1431,1,1,68
127BL,BL,-7,323,85,1751,1849,1,0,0
127BL,BL,-6,229,74,3600,0,1,1,74
127BL,BL,-5,83,19,1657,1943,1,0,0
127BL,BL,-4,151,50,3600,0,0,0,0
127BL,BL,-3,163,45,2316,1284,2,1,70
127BL,BL,-2,155,40,2352,1248,5,3,551
127BL,BL,-1,41,3,2680,920,1,0,0
127BL,BL,0,302,80,2644,956,4,2,436
127BL,BL,1,202,60,3480,120,3,2,248
127BR,BR,-23,150,47,3600,0,0,0,0
127BR,BR,-22,372,127,3600,0,1,1,127
127BR,BR,-21,127,29,2432,1168,1,0,0
127BR,BR,-20,214,69,3600,0,1,1,69
127BR,BR,-19,0,0,340,3260,0,0,0
127BR,BR,-18,3,0,0,3600,0,0,0
127BR,BR,-17,68,14,1914,1686,1,0,0
127BR,BR,-16,168,50,3600,0,0,0,0
127BR,BR,-15,107,27,1901,1699,1,1,51
127BR,BR,-14,28,0,0,3600,1,0,0
127BR,BR,-13,64,20,3300,300,0,0,0
127BR,BR,-12,140,47,3244,356,1,1,52
127BR,BR,-11,5,0,0,3600,0,0,0
127BR,BR,-10,157,35,5,3595,1,0,0
127BR,BR,-9,113,34,3600,0,0,0,0
127BR,BR,-8,31,14,1375,2225,1,1,37
127BR,BR,-7,349,93,2546,1054,1,0,0
127BR,BR,-6,223,68,3600,0,1,1,68
127BR,BR,-5,130,39,1658,1942,1,0,0
127BR,BR,-4,160,46,3600,0,1,1,46
127BR,BR,-3,206,52,2318,1282,1,0,0
127BR,BR,-2,119,36,1833,1767,6,3,636
127BR,BR,-1,57,10,3201,399,3,2,45
127BR,BR,0,335,79,2645,955,3,1,108
127BR,BR,1,223,64,3481,119,4,2,265
127FL,FL,-23,77,25,3600,0,0,0,0
127FL,FL,-22,338,134,3600,0,1,1,134
127FL,FL,-21,59,17,2427,1173,1,0,0
127FL,FL,-20,227,67,3600,0,1,1,67
127FL,FL,-19,5,0,332,3268,0,0,0
127FL,FL,-18,3,0,0,3600,0,0,0
127FL,FL,-17,39,10,1916,1684,1,0,0
127FL,FL,-16,147,50,3600,0,0,0,0
127FL,FL,-15,101,33,1893,1707,1,1,63
127FL,FL,-14,12,0,0,3600,3,1,0
127FL,FL,-13,33,12,3439,161,0,0,0
127FL,FL,-12,118,40,3236,364,1,1,44
127FL,FL,-11,0,0,0,3600,0,0,0
127FL,FL,-10,242,46,9,3591,1,0,0
127FL,FL,-9,89,31,3600,0,0,0,0
127FL,FL,-8,60,18,1367,2233,1,1,47
127FL,FL,-7,455,125,2550,1050,1,0,0
127FL,FL,-6,223,84,3600,0,1,1,84
127FL,FL,-5,112,31,1651,1949,1,0,0
127FL,FL,-4,176,60,3600,0,1,1,60
127FL,FL,-3,221,66,2312,1288,1,0,0
127FL,FL,-2,190,53,1816,1784,6,3,946
127FL,FL,-1,82,18,3204,396,3,2,81
127FL,FL,0,379,102,2635,965,3,1,139
127FL,FL,1,289,93,3475,125,4,2,385
137BL,BL,-23,131,41,1765,1835,2,1,84
137BL,BL,-22,102,26,1445,2155,2,1,65
137BL,BL,-21,129,33,0,3600,1,0,0
137BL,BL,-20,349,88,3346,254,0,0,0
137BL,BL,-19,124,33,2937,663,1,1,40
137BL,BL,-18,51,10,1400,2200,2,1,26
137BL,BL,-17,47,14,29,3571,1,0,0
137BL,BL,-16,66,16,1243,2357,1,1,46
137BL,BL,-15,91,21,1675,1925,2,1,45
137BL,BL,-14,132,42,2659,941,2,1,57
137BL,BL,-13,138,42,2265,1335,4,2,267
137BL,BL,-12,156,36,2319,1281,2,1,56
137BL,BL,-11,203,56,2198,1402,1,0,0
137BL,BL,-10,91,24,1592,2008,2,1,54
137BL,BL,-9,160,38,3600,0,1,1,38
137BL,BL,-8,207,45,2141,1459,2,1,76
137BL,BL,-7,135,32,2052,1548,1,0,0
137BL,BL,-6,83,21,2225,1375,3,2,136
137BL,BL,-5,101,27,1051,2549,1,0,0
137BL,BL,-4,77,19,2071,1529,3,2,132
137BL,BL,-3,116,31,1141,2459,3,1,98
137BL,BL,-2,206,48,2199,1401,6,3,707
137BL,BL,-1,424,88,2983,617,2,1,106
137BL,BL,0,230,43,3600,0,1,1,43
137BL,BL,1,61,11,2417,1183,3,1,16
137BR,BR,-23,111,34,1766,1834,2,1,69
137BR,BR,-22,101,35,1444,2156,2,1,87
137BR,BR,-21,152,42,0,3600,1,0,0
137BR,BR,-20,373,96,3540,60,0,0,0
137BR,BR,-19,109,37,2745,855,1,1,49
137BR,BR,-18,61,10,1430,2170,2,1,25
137BR,BR,-17,51,15,0,3600,1,0,0
137BR,BR,-16,55,16,1240,2360,2,1,46
137BR,BR,-15,59,11,1675,1925,2,1,24
137BR,BR,-14,134,29,2852,748,1,1,37
137BR,BR,-13,152,42,2268,1332,4,2,267
137BR,BR,-12,99,25,2320,1280,2,1,39
137BR,BR,-11,192,64,2195,1405,1,0,0
137BR,BR,-10,80,21,1595,2005,2,1,47
137BR,BR,-9,165,34,3600,0,1,1,34
137BR,BR,-8,171,39,2139,1461,2,1,66
137BR,BR,-7,133,41,2050,1550,1,0,0
137BR,BR,-6,73,12,2077,1523,3,2,83
137BR,BR,-5,119,36,1199,2401,1,0,0
137BR,BR,-4,85,18,1944,1656,3,2,133
137BR,BR,-3,141,30,1099,2501,3,1,98
137BR,BR,-2,206,61,2201,1399,6,3,898
137BR,BR,-1,438,98,3153,447,2,1,112
137BR,BR,0,200,52,3600,0,2,1,52
137BR,BR,1,90,17,2226,1374,2,1,27
137FL,FL,-23,137,38,1756,1844,1,1,78
137FL,FL,-22,131,43,1435,2165,2,1,108
137FL,FL,-21,199,51,474,3126,1,0,0
137FL,FL,-20,473,130,3600,0,0,0,0
137FL,FL,-19,112,34,2202,1398,1,1,56
137FL,FL,-18,90,23,1420,2180,2,1,58
137FL,FL,-17,156,45,375,3225,2,1,432
137FL,FL,-16,13,2,858,2742,1,0,0
137FL,FL,-15,104,24,1665,1935,2,1,52
137FL,FL,-14,135,35,2935,665,2,1,43
137FL,FL,-13,193,58,2477,1123,3,2,337
137FL,FL,-12,156,41,2140,1460,2,1,69
137FL,FL,-11,260,81,2580,1020,2,1,113
137FL,FL,-10,197,55,1585,2015,1,0,0
137FL,FL,-9,148,34,3105,495,1,1,39
137FL,FL,-8,334,101,2225,1375,4,2,654
137FL,FL,-7,244,86,2436,1164,2,1,127
137FL,FL,-6,69,18,1527,2073,2,1,42
137FL,FL,-5,262,69,1732,1868,1,0,0
137FL,FL,-4,67,15,1389,2211,5,3,350
137FL,FL,-3,405,125,1089,2511,4,2,1653
137FL,FL,-2,272,66,2710,890,6,3,789
137FL,FL,-1,627,156,3145,455,1,0,0
137FL,FL,0,303,81,3600,0,2,1,81
137FL,FL,1,205,59,1859,1741,2,1,114
1950BL,BL,-23,44,1,1566,2034,2,1,2
1950BL,BL,-23,0,0,0,3600,0,0,0
1950BL,BL,-21,156,26,2368,1232,1,0,0
1950BL,BL,-20,168,41,3017,583,2,1,49
1950BL,BL,-20,51,5,691,2909,4,2,104
1950BL,BL,-18,89,14,2844,756,2,1,18
1950BL,BL,-17,170,38,2303,1297,1,1,59
1950BL,BL,-17,17,0,0,3600,1,0,0
1950BL,BL,-15,62,17,530,3070,2,1,115
1950BL,BL,-14,205,52,3275,325,3,2,229
1950BL,BL,-14,94,19,2062,1538,1,0,0
1950BL,BL,-12,286,88,3600,0,0,0,0
1950BL,BL,-11,180,53,3328,272,4,2,229
1950BL,BL,-11,202,46,3108,492,4,2,213
1950BL,BL,-9,317,77,3600,0,2,1,77
1950BL,BL,-8,520,136,3463,137,0,0,0
1950BL,BL,-8,142,23,2202,1398,2,1,38
1950BL,BL,-6,414,107,3600,0,2,1,107
1950BL,BL,-5,184,46,2672,928,3,2,248
1950BL,BL,-5,220,54,1626,1974,3,1,120
1950BL,BL,-3,426,102,2439,1161,17,9,12195
1950BL,BL,-2,235,54,639,2961,14,7,14907
1950BL,BL,-2,62,7,2103,1497,1,0,0
1950BL,BL,0,140,33,3600,0,0,0,0
1950BL,BL,1,161,40,2210,1390,4,2,261
1950BR,BR,-23,32,5,1566,2034,2,1,11
1950BR,BR,-23,11,0,0,3600,0,0,0
1950BR,BR,-21,133,32,2423,1177,1,0,0
1950BR,BR,-20,147,36,2962,638,3,2,175
1950BR,BR,-20,24,5,690,2910,3,1,26
1950BR,BR,-18,77,16,2844,756,2,1,20
1950BR,BR,-17,118,42,2302,1298,1,1,66
1950BR,BR,-17,19,3,0,3600,1,0,0
1950BR,BR,-15,72,19,584,3016,2,1,117
1950BR,BR,-14,137,44,3275,325,3,2,193
1950BR,BR,-14,99,21,2061,1539,1,0,0
1950BR,BR,-12,185,67,3600,0,0,0,0
1950BR,BR,-11,150,40,3326,274,4,2,173
1950BR,BR,-11,163,47,3110,490,2,1,54
1950BR,BR,-9,282,90,3600,0,2,1,90
1950BR,BR,-8,344,99,3464,136,0,0,0
1950BR,BR,-8,120,38,2203,1397,2,1,62
1950BR,BR,-6,282,74,3600,0,2,1,74
1950BR,BR,-5,159,40,2616,984,3,2,220
1950BR,BR,-5,204,54,1683,1917,4,2,462
1950BR,BR,-3,341,85,2385,1215,16,8,8211
1950BR,BR,-2,248,42,655,2945,14,7,11311
1950BR,BR,-2,34,3,2140,1460,1,0,0
1950BR,BR,0,103,17,3600,0,0,0,0
1950BR,BR,1,136,28,2210,1390,4,2,182
1950FL,FL,-23,17,2,1713,1887,1,1,4
1950FL,FL,-23,9,3,0,3600,1,0,0
1950FL,FL,-21,112,38,3084,516,0,0,0
1950FL,FL,-20,134,35,2418,1182,3,2,208
1950FL,FL,-20,23,2,926,2674,3,1,8
1950FL,FL,-18,80,21,2472,1128,2,1,31
1950FL,FL,-17,105,30,2297,1303,1,1,47
1950FL,FL,-17,19,2,99,3501,2,1,73
1950FL,FL,-15,120,37,1143,2457,1,0,0
1950FL,FL,-14,111,28,3235,365,3,2,125
1950FL,FL,-14,80,16,2096,1504,1,0,0
1950FL,FL,-12,296,100,3600,0,0,0,0
1950FL,FL,-11,97,19,3316,284,4,2,83
1950FL,FL,-11,189,63,3105,495,2,1,73
1950FL,FL,-9,525,136,3600,0,2,1,136
1950FL,FL,-8,349,102,3459,141,1,1,106
1950FL,FL,-8,83,11,2198,1402,1,0,0
1950FL,FL,-6,386,114,3538,62,2,1,116
1950FL,FL,-5,145,48,2163,1437,4,2,320
1950FL,FL,-5,257,70,2174,1426,5,3,1043
1950FL,FL,-3,507,127,1706,1894,16,8,17152
1950FL,FL,-2,150,28,622,2978,14,7,7941
1950FL,FL,-2,38,3,2793,807,1,0,0
1950FL,FL,0,113,30,3600,0,0,0,0
1950FL,FL,1,147,33,2022,1578,4,2,235
202BL,BL,-23,81,23,1583,2017,1,0,0
202BL,BL,-22,57,14,2309,1291,1,1,22
202BL,BL,-21,105,32,1703,1897,1,0,0
202BL,BL,-20,33,4,1331,2269,1,1,11
202BL,BL,-19,0,0,0,3600,0,0,0
202BL,BL,-18,38,6,1326,2274,2,1,16
202BL,BL,-17,0,0,0,3600,0,0,0
202BL,BL,-16,111,32,1556,2044,1,0,0
202BL,BL,-15,76,20,2235,1365,1,1,32
202BL,BL,-14,0,0,0,3600,0,0,0
202BL,BL,-13,1,0,0,3600,0,0,0
202BL,BL,-12,95,19,632,2968,1,0,0
202BL,BL,-11,119,30,2308,1292,2,1,47
202BL,BL,-10,204,48,3600,0,1,1,48
202BL,BL,-9,72,12,1298,2302,3,1,33
202BL,BL,-8,170,34,3272,328,2,1,37
202BL,BL,-7,293,81,3600,0,1,1,81
202BL,BL,-6,36,10,1230,2370,1,0,0
202BL,BL,-5,175,44,3594,6,2,1,44
202BL,BL,-4,146,29,2399,1201,3,2,174
202BL,BL,-3,338,69,2135,1465,5,2,465
202BL,BL,-2,286,57,2883,717,6,3,641
202BL,BL,-1,305,64,2860,740,0,0,0
202BL,BL,0,204,37,2718,882,6,3,441
202BL,BL,1,11,2,1347,2253,4,2,21
202BR,BR,-23,106,34,1608,1992,1,0,0
202BR,BR,-22,66,17,2286,1314,1,1,27
202BR,BR,-21,108,26,1727,1873,1,0,0
202BR,BR,-20,29,4,1307,2293,1,1,11
202BR,BR,-19,2,0,0,3600,0,0,0
202BR,BR,-18,24,3,1328,2272,2,1,8
202BR,BR,-17,2,0,0,3600,0,0,0
202BR,BR,-16,125,36,1579,2021,1,0,0
202BR,BR,-15,81,17,2208,1392,1,1,28
202BR,BR,-14,0,0,0,3600,0,0,0
202BR,BR,-13,0,0,0,3600,0,0,0
202BR,BR,-12,53,12,653,2947,1,0,0
202BR,BR,-11,151,34,2311,1289,2,1,53
202BR,BR,-10,207,59,3600,0,1,1,59
202BR,BR,-9,57,10,1300,2300,3,1,28
202BR,BR,-8,173,44,3275,325,2,1,48
202BR,BR,-7,259,80,3600,0,1,1,80
202BR,BR,-6,44,9,1232,2368,1,0,0
202BR,BR,-5,142,34,3568,32,2,1,34
202BR,BR,-4,128,27,2401,1199,3,2,162
202BR,BR,-3,319,57,2162,1438,5,2,380
202BR,BR,-2,275,60,2856,744,6,3,681
202BR,BR,-1,368,79,2887,713,0,0,0
202BR,BR,0,188,39,2699,901,7,4,832
202BR,BR,1,15,3,1353,2247,4,2,32
202FL,FL,-23,102,31,2284,1316,1,0,0
202FL,FL,-22,71,25,1604,1996,1,1,56
202FL,FL,-21,159,58,2403,1197,2,1,87
202FL,FL,-20,0,0,625,2975,0,0,0
202FL,FL,-19,2,0,0,3600,0,0,0
202FL,FL,-18,38,5,1321,2279,2,1,14
202FL,FL,-17,0,0,0,3600,0,0,0
202FL,FL,-16,157,44,2256,1344,1,0,0
202FL,FL,-15,76,29,1530,2070,1,1,68
202FL,FL,-14,1,0,0,3600,0,0,0
202FL,FL,-13,1,0,0,3600,0,0,0
202FL,FL,-12,68,17,1328,2272,1,0,0
202FL,FL,-11,219,71,2304,1296,2,1,111
202FL,FL,-10,223,76,3600,0,3,2,304
202FL,FL,-9,93,25,1287,2313,1,0,0
202FL,FL,-8,339,99,3269,331,2,1,109
202FL,FL,-7,330,106,3593,7,3,2,425
202FL,FL,-6,137,41,1224,2376,1,0,0
202FL,FL,-5,235,66,2888,712,2,1,82
202FL,FL,-4,173,48,2384,1216,4,2,290
202FL,FL,-3,427,118,2435,1165,6,3,1570
202FL,FL,-2,369,107,2554,1046,4,2,603
202FL,FL,-1,412,124,3560,40,2,1,125
202FL,FL,0,280,78,2509,1091,5,3,1007
202FL,FL,1,42,6,831,2769,5,2,104
207BL,BL,-23,144,47,3600,0,1,1,47
207BL,BL,-22,23,3,1101,2499,2,1,10
207BL,BL,-21,14,2,0,3600,1,0,0
207BL,BL,-20,170,64,3017,583,0,0,0
207BL,BL,-19,168,49,3600,0,1,1,49
207BL,BL,-18,174,65,1466,2134,2,1,160
207BL,BL,-17,36,9,886,2714,2,1,37
207BL,BL,-16,22,8,0,3600,1,0,0
207BL,BL,-15,36,13,708,2892,1,1,66
207BL,BL,-14,40,16,271,3329,2,1,213
207BL,BL,-13,116,35,822,2778,2,1,153
207BL,BL,-12,5,0,0,3600,0,0,0
207BL,BL,-11,19,2,77,3523,2,1,94
207BL,BL,-10,63,21,598,3002,4,2,506
207BL,BL,-9,43,17,568,3032,1,0,0
207BL,BL,-8,66,18,1437,2163,2,1,45
207BL,BL,-7,101,40,2240,1360,1,1,64
207BL,BL,-6,322,104,1160,2440,5,2,1291
207BL,BL,-5,548,176,3552,48,0,0,0
207BL,BL,-4,445,151,2712,888,2,1,200
207BL,BL,-3,192,49,2148,1452,5,3,739
207BL,BL,-2,504,122,1309,2291,3,1,336
207BL,BL,-1,1048,287,3025,575,2,1,342
207BL,BL,0,964,294,3277,323,2,1,323
207BL,BL,1,645,174,2154,1446,3,2,1163
208BL,BL,-23,888,224,3600,0,0,0,0
208BL,BL,-22,117,39,3600,0,0,0,0
208BL,BL,-21,89,26,3351,249,1,1,28
208BL,BL,-20,89,27,2472,1128,1,0,0
208BL,BL,-19,63,20,2939,661,1,1,24
208BL,BL,-18,39,10,1698,1902,1,0,0
208BL,BL,-17,36,8,3210,390,1,1,9
208BL,BL,-16,77,17,1917,1683,1,0,0
208BL,BL,-15,46,12,3367,233,1,1,13
208BL,BL,-14,31,8,265,3335,1,0,0
208BL,BL,-13,72,25,3600,0,0,0,0
208BL,BL,-12,116,28,3600,0,0,0,0
208BL,BL,-11,80,20,2276,1324,2,1,32
208BL,BL,-10,98,22,3600,0,1,1,22
208BL,BL,-9,0,0,305,3295,0,0,0
208BL,BL,-8,100,22,1945,1655,1,0,0
208BL,BL,-7,210,58,2960,640,3,2,282
208BL,BL,-6,25,1,772,2828,2,1,5
208BL,BL,-5,23,2,1633,1967,2,1,4
208BL,BL,-4,77,11,1366,2234,4,2,116
208BL,BL,-3,40,4,256,3344,3,1,56
208BL,BL,-2,358,76,1964,1636,6,3,1254
208BL,BL,-1,305,48,3247,353,2,1,53
208BL,BL,0,492,156,3600,0,0,0,0
208BL,BL,1,943,262,3600,0,0,0,0
208BR,BR,-23,1026,238,3600,0,0,0,0
208BR,BR,-22,143,50,3600,0,0,0,0
208BR,BR,-21,67,23,3456,144,1,1,24
208BR,BR,-20,97,21,2473,1127,1,0,0
208BR,BR,-19,75,22,2937,663,1,1,27
208BR,BR,-18,74,23,1698,1902,1,0,0
208BR,BR,-17,46,12,3212,388,1,1,13
208BR,BR,-16,81,21,1920,1680,1,0,0
208BR,BR,-15,52,15,3516,84,1,1,15
208BR,BR,-14,55,9,268,3332,1,0,0
208BR,BR,-13,89,30,3600,0,0,0,0
208BR,BR,-12,153,44,3600,0,0,0,0
208BR,BR,-11,92,24,2273,1327,2,1,38
208BR,BR,-10,126,30,3600,0,1,1,30
208BR,BR,-9,6,0,508,3092,0,0,0
208BR,BR,-8,101,32,1947,1653,1,0,0
208BR,BR,-7,239,60,2957,643,3,2,292
208BR,BR,-6,63,9,1025,2575,2,1,32
208BR,BR,-5,38,5,1677,1923,2,1,11
208BR,BR,-4,104,5,1367,2233,4,2,53
208BR,BR,-3,41,2,258,3342,3,1,28
208BR,BR,-2,373,81,1962,1638,6,3,1338
208BR,BR,-1,282,58,3600,0,0,0,0
208BR,BR,0,569,172,3600,0,0,0,0
208BR,BR,1,985,286,3600,0,0,0,0
208FL,FL,-23,977,247,3600,0,0,0,0
208FL,FL,-22,100,27,3600,0,0,0,0
208FL,FL,-21,63,22,3349,251,1,1,24
208FL,FL,-20,117,24,2469,1131,1,0,0
208FL,FL,-19,115,22,2937,663,1,1,27
208FL,FL,-18,49,13,1693,1907,1,0,0
208FL,FL,-17,33,10,3209,391,1,1,11
208FL,FL,-16,70,13,1911,1689,1,0,0
208FL,FL,-15,46,11,3366,234,1,1,12
208FL,FL,-14,46,13,260,3340,1,0,0
208FL,FL,-13,85,18,3600,0,0,0,0
208FL,FL,-12,175,45,3600,0,0,0,0
208FL,FL,-11,92,24,2267,1333,2,1,38
208FL,FL,-10,215,55,3600,0,1,1,55
208FL,FL,-9,6,0,305,3295,2,1,0
208FL,FL,-8,170,44,2605,995,1,0,0
208FL,FL,-7,403,105,2952,648,3,2,512
208FL,FL,-6,39,6,765,2835,2,1,28
208FL,FL,-5,68,16,1627,1973,2,1,35
208FL,FL,-4,156,43,1350,2250,4,2,459
208FL,FL,-3,67,15,249,3351,3,1,217
208FL,FL,-2,527,113,1934,1666,6,3,1893
208FL,FL,-1,284,73,3242,358,2,1,81
208FL,FL,0,774,212,3600,0,0,0,0
208FL,FL,1,964,287,3600,0,0,0,0
20BL,BL,-23,50,16,1841,1759,1,1,31
20BL,BL,-22,271,65,1308,2292,1,0,0
20BL,BL,-21,336,102,3158,442,1,1,116
20BL,BL,-20,33,8,721,2879,2,1,40
20BL,BL,-19,168,49,667,2933,1,0,0
20BL,BL,-18,338,102,3600,0,0,0,0
20BL,BL,-17,96,15,1504,2096,2,1,36
20BL,BL,-16,24,6,1753,1847,1,1,12
20BL,BL,-15,0,0,0,3600,0,0,0
20BL,BL,-14,136,40,1217,2383,1,0,0
20BL,BL,-13,58,14,3348,252,1,1,15
20BL,BL,-12,0,0,0,3600,0,0,0
20BL,BL,-11,127,33,1733,1867,1,0,0
20BL,BL,-10,108,23,3600,0,1,1,23
20BL,BL,-9,0,0,741,2859,0,0,0
20BL,BL,-8,0,0,0,3600,0,0,0
20BL,BL,-7,165,50,1990,1610,2,1,90
20BL,BL,-6,0,0,823,2777,0,0,0
20BL,BL,-5,120,31,423,3177,5,2,1055
20BL,BL,-4,235,65,2589,1011,2,1,90
20BL,BL,-3,229,58,1852,1748,5,3,1015
20BL,BL,-2,579,159,1866,1734,3,1,307
20BL,BL,-1,609,170,3600,0,0,0,0
20BL,BL,0,458,129,3600,0,2,1,129
20BL,BL,1,161,45,2140,1460,5,3,681
20BR,BR,-23,60,15,1718,1882,1,1,31
20BR,BR,-22,222,66,1431,2169,1,0,0
20BR,BR,-21,248,61,3035,565,2,1,72
20BR,BR,-20,105,6,721,2879,1,1,30
20BR,BR,-19,213,52,790,2810,1,0,0
20BR,BR,-18,277,81,3600,0,0,0,0
20BR,BR,-17,53,11,1503,2097,2,1,26
20BR,BR,-16,31,8,1629,1971,1,1,18
20BR,BR,-15,3,0,0,3600,0,0,0
20BR,BR,-14,133,38,1341,2259,1,0,0
20BR,BR,-13,59,16,3225,375,1,1,18
20BR,BR,-12,0,0,0,3600,0,0,0
20BR,BR,-11,132,42,1856,1744,1,0,0
20BR,BR,-10,104,26,3600,0,1,1,26
20BR,BR,-9,0,0,617,2983,0,0,0
20BR,BR,-8,0,0,0,3600,0,0,0
20BR,BR,-7,166,53,2115,1485,2,1,90
20BR,BR,-6,14,0,700,2900,1,0,0
20BR,BR,-5,103,26,423,3177,4,2,885
20BR,BR,-4,171,50,2588,1012,2,1,70
20BR,BR,-3,196,38,1850,1750,5,3,666
20BR,BR,-2,462,115,1993,1607,3,1,208
20BR,BR,-1,536,160,3600,0,0,0,0
20BR,BR,0,399,120,3600,0,2,1,120
20BR,BR,1,162,43,2140,1460,5,3,651
20FL,FL,-23,7,2,907,2693,1,1,8
20FL,FL,-22,428,104,2236,1364,1,0,0
20FL,FL,-21,205,51,2225,1375,3,2,330
20FL,FL,-20,0,0,714,2886,0,0,0
20FL,FL,-19,236,70,1594,2006,1,0,0
20FL,FL,-18,314,102,3600,0,1,1,102
20FL,FL,-17,59,11,1498,2102,2,1,26
20FL,FL,-16,0,0,820,2780,0,0,0
20FL,FL,-15,0,0,0,3600,0,0,0
20FL,FL,-14,137,44,2145,1455,1,0,0
20FL,FL,-13,9,4,2415,1185,1,1,6
20FL,FL,-12,1,0,8,3592,2,1,0
20FL,FL,-11,183,63,2660,940,1,0,0
20FL,FL,-10,28,8,3407,193,1,1,8
20FL,FL,-9,0,0,0,3600,0,0,0
20FL,FL,-8,35,10,0,3600,1,0,0
20FL,FL,-7,83,28,2807,793,1,1,36
20FL,FL,-6,27,3,148,3452,4,2,292
20FL,FL,-5,181,44,579,3021,3,1,274
20FL,FL,-4,270,68,2461,1139,4,2,398
20FL,FL,-3,233,60,1795,1805,4,2,481
20FL,FL,-2,919,246,2793,807,2,1,317
20FL,FL,-1,749,210,3600,0,0,0,0
20FL,FL,0,360,99,3397,203,3,2,420
20FL,FL,1,132,42,2166,1434,5,2,279
2141BL,BL,-7,117,19,2432,1168,2,1,28
2141BL,BL,-6,226,41,2550,1050,6,3,521
2141BL,BL,-5,253,48,3476,124,0,0,0
2141BL,BL,-4,164,22,2106,1494,8,4,602
2141BL,BL,-3,301,77,1098,2502,4,2,1010
2141BL,BL,-2,113,8,1381,2219,2,1,21
2141BL,BL,-1,184,24,3600,0,1,1,24
2141BL,BL,0,135,34,2966,634,3,1,41
2141BL,BL,1,171,40,2340,1260,4,2,246
2141BL,BL,-23,97,24,3600,0,1,1,24
2141BL,BL,-22,6,0,869,2731,0,0,0
2141BL,BL,-21,101,33,1119,2481,1,0,0
2141BL,BL,-20,233,65,3600,0,2,1,65
2141BL,BL,-19,226,66,3271,329,0,0,0
2141BL,BL,-18,66,22,2594,1006,2,1,31
2141BL,BL,-17,156,49,3087,513,1,1,57
2141BL,BL,-16,111,26,2512,1088,1,0,0
2141BL,BL,-15,247,74,3600,0,0,0,0
2141BL,BL,-14,312,91,3600,0,0,0,0
2141BL,BL,-13,135,33,3600,0,0,0,0
2141BL,BL,-12,293,90,3600,0,0,0,0
2141BL,BL,-11,97,22,2186,1414,2,1,36
2141BL,BL,-10,162,46,2875,725,2,1,58
2141BL,BL,-9,191,59,3600,0,0,0,0
2141BL,BL,-8,97,13,1607,1993,2,1,29
2141BR,BR,-7,116,23,1904,1696,2,1,43
2141BR,BR,-6,175,25,3012,588,6,3,269
2141BR,BR,-5,276,67,3539,61,2,1,68
2141BR,BR,-4,183,26,1657,1943,7,4,904
2141BR,BR,-3,277,80,1118,2482,4,2,1030
2141BR,BR,-2,157,15,1807,1793,1,0,0
2141BR,BR,-1,183,44,3600,0,2,1,44
2141BR,BR,0,137,31,2967,633,3,2,150
2141BR,BR,1,212,57,2106,1494,3,1,97
2141BR,BR,-23,53,14,3600,0,1,1,14
2141BR,BR,-22,0,0,260,3340,0,0,0
2141BR,BR,-21,165,53,1726,1874,1,0,0
2141BR,BR,-20,340,115,3423,177,2,1,121
2141BR,BR,-19,111,32,3450,150,0,0,0
2141BR,BR,-18,149,24,2084,1516,2,1,41
2141BR,BR,-17,147,51,3600,0,1,1,51
2141BR,BR,-16,122,30,2510,1090,1,0,0
2141BR,BR,-15,328,106,3600,0,0,0,0
2141BR,BR,-14,206,63,3600,0,0,0,0
2141BR,BR,-13,174,54,3600,0,0,0,0
2141BR,BR,-12,234,72,3600,0,1,1,72
2141BR,BR,-11,112,29,2189,1411,2,1,48
2141BR,BR,-10,159,47,2873,727,1,0,0
2141BR,BR,-9,139,47,3600,0,1,1,47
2141BR,BR,-8,87,18,1609,1991,1,0,0
2141FL,FL,-7,153,42,1896,1704,2,1,80
2141FL,FL,-6,259,68,2931,669,6,3,752
2141FL,FL,-5,430,124,3600,0,2,1,124
2141FL,FL,-4,194,35,1586,2014,7,4,1271
2141FL,FL,-3,417,116,1179,2421,6,3,3188
2141FL,FL,-2,70,11,1802,1798,1,0,0
2141FL,FL,-1,170,55,3600,0,2,1,55
2141FL,FL,0,177,55,2952,648,3,2,268
2141FL,FL,1,331,102,1996,1604,3,1,184
2141FL,FL,-23,66,17,3600,0,1,1,17
2141FL,FL,-22,0,0,156,3444,0,0,0
2141FL,FL,-21,253,78,1825,1775,1,0,0
2141FL,FL,-20,485,140,3317,283,2,1,152
2141FL,FL,-19,176,47,3551,49,0,0,0
2141FL,FL,-18,105,30,2077,1523,2,1,52
2141FL,FL,-17,168,54,3600,0,1,1,54
2141FL,FL,-16,188,49,2504,1096,1,0,0
2141FL,FL,-15,528,138,3600,0,0,0,0
2141FL,FL,-14,319,102,3600,0,0,0,0
2141FL,FL,-13,358,118,3600,0,0,0,0
2141FL,FL,-12,462,143,3600,0,1,1,143
2141FL,FL,-11,166,42,2183,1417,2,1,69
2141FL,FL,-10,315,97,2866,734,1,0,0
2141FL,FL,-9,261,74,3600,0,1,1,74
2141FL,FL,-8,156,38,1603,1997,1,0,0
2157BL,BL,-23,50,9,1624,1976,1,1,20
2157BL,BL,-22,8,0,0,3600,1,0,0
2157BL,BL,-21,48,11,2210,1390,1,1,18
2157BL,BL,-20,8,1,123,3477,1,0,0
2157BL,BL,-19,45,9,2809,791,1,1,12
2157BL,BL,-18,34,5,0,3600,1,0,0
2157BL,BL,-17,165,44,3152,448,0,0,0
2157BL,BL,-16,20,2,1911,1689,3,2,15
2157BL,BL,-15,17,1,0,3600,1,0,0
2157BL,BL,-14,144,34,3083,517,0,0,0
2157BL,BL,-13,36,5,2424,1176,1,1,7
2157BL,BL,-12,234,50,2116,1484,1,0,0
2157BL,BL,-11,7,0,1816,1784,1,1,0
2157BL,BL,-10,20,0,615,2985,2,1,0
2157BL,BL,-9,0,0,0,3600,0,0,0
2157BL,BL,-8,38,5,813,2787,1,0,0
2157BL,BL,-7,0,0,1279,2321,1,1,0
2157BL,BL,-6,142,34,1857,1743,3,1,66
2157BL,BL,-5,109,28,2068,1532,2,1,49
2157BL,BL,-4,11,2,3600,0,1,1,2
2157BL,BL,-3,110,29,1522,2078,8,4,1098
2157BL,BL,-2,102,14,1987,1613,5,2,101
2157BL,BL,-1,94,20,2664,936,3,2,108
2157BL,BL,0,85,23,1603,1997,4,2,207
2157BL,BL,1,164,37,2186,1414,4,2,244
2157BR,BR,-23,60,15,1620,1980,1,1,33
2157BR,BR,-22,10,0,0,3600,1,0,0
2157BR,BR,-21,69,20,2213,1387,1,1,33
2157BR,BR,-20,18,1,83,3517,2,1,43
2157BR,BR,-19,63,18,1388,2212,2,1,47
2157BR,BR,-18,15,0,0,3600,1,0,0
2157BR,BR,-17,213,55,2653,947,1,1,75
2157BR,BR,-16,18,3,763,2837,2,1,14
2157BR,BR,-15,8,1,0,3600,1,0,0
2157BR,BR,-14,197,53,2429,1171,2,1,79
2157BR,BR,-13,56,9,1854,1746,1,1,17
2157BR,BR,-12,312,62,2072,1528,1,0,0
2157BR,BR,-11,6,1,966,2634,1,1,4
2157BR,BR,-10,16,1,648,2952,2,1,6
2157BR,BR,-9,1,0,0,3600,0,0,0
2157BR,BR,-8,76,10,773,2827,2,1,47
2157BR,BR,-7,0,0,734,2866,0,0,0
2157BR,BR,-6,172,38,2128,1472,1,0,0
2157BR,BR,-5,137,37,2457,1143,3,2,217
2157BR,BR,-4,37,3,280,3320,2,1,39
2157BR,BR,-3,132,32,2348,1252,6,3,442
2157BR,BR,-2,138,19,2157,1443,5,2,127
2157BR,BR,-1,126,27,2769,831,3,2,140
2157BR,BR,0,139,35,925,2675,4,2,545
2157BR,BR,1,225,50,2551,1049,4,2,282
2157FL,FL,-23,74,25,1616,1984,1,1,56
2157FL,FL,-22,19,3,0,3600,1,0,0
2157FL,FL,-21,119,31,2203,1397,1,1,51
2157FL,FL,-20,25,6,81,3519,2,1,267
2157FL,FL,-19,108,20,1358,2242,2,1,53
2157FL,FL,-18,33,4,0,3600,1,0,0
2157FL,FL,-17,326,76,2655,945,1,1,103
2157FL,FL,-16,38,8,758,2842,2,1,38
2157FL,FL,-15,19,0,0,3600,1,0,0
2157FL,FL,-14,296,74,2424,1176,2,1,110
2157FL,FL,-13,66,17,1849,1751,1,1,33
2157FL,FL,-12,428,105,2062,1538,1,0,0
2157FL,FL,-11,25,6,972,2628,1,1,22
2157FL,FL,-10,39,6,608,2992,2,1,36
2157FL,FL,-9,2,0,0,3600,0,0,0
2157FL,FL,-8,113,29,761,2839,2,1,137
2157FL,FL,-7,1,0,740,2860,0,0,0
2157FL,FL,-6,203,40,1849,1751,3,1,78
2157FL,FL,-5,220,56,2014,1586,3,2,400
2157FL,FL,-4,29,7,276,3324,2,1,91
2157FL,FL,-3,212,58,1353,2247,8,4,2469
2157FL,FL,-2,134,33,1828,1772,5,2,260
2157FL,FL,-1,172,50,2661,939,3,2,271
2157FL,FL,0,149,37,913,2687,5,3,1313
2157FL,FL,1,223,61,2175,1425,4,2,404
2206BL,BL,-23,139,40,3600,0,0,0,0
2206BL,BL,-22,46,11,1121,2479,2,1,35
2206BL,BL,-21,89,26,3411,189,1,1,27
2206BL,BL,-20,63,13,322,3278,1,0,0
2206BL,BL,-19,159,49,3600,0,1,1,49
2206BL,BL,-18,36,10,611,2989,1,0,0
2206BL,BL,-17,123,44,3598,2,0,0,0
2206BL,BL,-16,216,52,3600,0,0,0,0
2206BL,BL,-15,174,41,3466,134,1,1,43
2206BL,BL,-14,176,51,1464,2136,1,0,0
2206BL,BL,-13,144,43,1971,1629,2,1,79
2206BL,BL,-12,166,50,2343,1257,2,1,77
2206BL,BL,-11,365,112,3600,0,0,0,0
2206BL,BL,-10,215,48,1721,1879,2,1,100
2206BL,BL,-9,75,8,2286,1314,5,3,113
2206BL,BL,-8,24,2,755,2845,1,0,0
2206BL,BL,-7,146,31,2045,1555,3,2,218
2206BL,BL,-6,71,7,438,3162,2,1,58
2206BL,BL,-5,160,27,518,3082,4,2,751
2206BL,BL,-4,73,6,458,3142,4,2,189
2206BL,BL,-3,217,23,488,3112,5,2,679
2206BL,BL,-2,409,105,1525,2075,4,2,991
2206BL,BL,-1,119,21,3600,0,1,1,21
2206BL,BL,0,132,20,2927,673,2,1,25
2206BL,BL,1,101,18,1304,2296,1,0,0
2206BR,BR,-23,189,56,3600,0,0,0,0
2206BR,BR,-22,74,12,1148,2452,2,1,38
2206BR,BR,-21,74,23,3552,48,1,1,23
2206BR,BR,-20,48,17,155,3445,1,0,0
2206BR,BR,-19,97,22,3600,0,1,1,22
2206BR,BR,-18,63,9,779,2821,1,0,0
2206BR,BR,-17,107,27,3432,168,0,0,0
2206BR,BR,-16,228,69,3600,0,0,0,0
2206BR,BR,-15,229,65,3600,0,1,1,65
2206BR,BR,-14,170,47,1333,2267,1,0,0
2206BR,BR,-13,154,42,2138,1462,2,1,71
2206BR,BR,-12,187,47,2303,1297,2,1,73
2206BR,BR,-11,308,102,3510,90,0,0,0
2206BR,BR,-10,251,85,1718,1882,2,1,178
2206BR,BR,-9,80,9,2517,1083,4,2,51
2206BR,BR,-8,28,2,772,2828,2,1,9
2206BR,BR,-7,174,39,2052,1548,3,2,274
2206BR,BR,-6,61,9,438,3162,2,1,74
2206BR,BR,-5,143,36,358,3242,4,2,1448
2206BR,BR,-4,75,6,709,2891,4,2,122
2206BR,BR,-3,120,16,503,3097,3,2,458
2206BR,BR,-2,445,126,1472,2128,5,2,1233
2206BR,BR,-1,122,24,3488,112,1,1,25
2206BR,BR,0,134,21,2925,675,2,1,26
2206BR,BR,1,105,16,1308,2292,1,0,0
2206FL,FL,-23,122,25,3600,0,0,0,0
2206FL,FL,-22,75,15,1144,2456,2,1,47
2206FL,FL,-21,78,20,3548,52,1,1,20
2206FL,FL,-20,52,7,152,3448,1,0,0
2206FL,FL,-19,98,28,3600,0,1,1,28
2206FL,FL,-18,49,8,776,2824,1,0,0
2206FL,FL,-17,95,24,3430,170,0,0,0
2206FL,FL,-16,208,66,3600,0,0,0,0
2206FL,FL,-15,231,74,3600,0,1,1,74
2206FL,FL,-14,174,38,1326,2274,1,0,0
2206FL,FL,-13,214,73,2136,1464,2,1,123
2206FL,FL,-12,177,51,2261,1339,2,1,81
2206FL,FL,-11,360,109,3507,93,0,0,0
2206FL,FL,-10,314,99,1713,1887,2,1,208
2206FL,FL,-9,105,17,2435,1165,4,2,101
2206FL,FL,-8,22,2,766,2834,2,1,9
2206FL,FL,-7,139,39,2040,1560,3,2,275
2206FL,FL,-6,52,11,434,3166,2,1,91
2206FL,FL,-5,119,37,353,3247,4,2,1509
2206FL,FL,-4,53,1,606,2994,4,2,24
2206FL,FL,-3,100,13,474,3126,4,2,395
2206FL,FL,-2,688,154,1463,2137,5,2,1516
2206FL,FL,-1,135,27,3480,120,1,1,28
2206FL,FL,0,126,24,2921,679,2,1,30
2206FL,FL,1,102,22,1299,2301,1,0,0
2573BL,BL,-23,50,14,2728,872,3,2,74
2573BL,BL,-22,0,0,0,3600,0,0,0
2573BL,BL,-21,26,4,194,3406,2,1,74
2573BL,BL,-20,3,0,0,3600,0,0,0
2573BL,BL,-19,49,17,0,3600,1,0,0
2573BL,BL,-18,157,31,3138,462,2,1,36
2573BL,BL,-17,110,22,3600,0,0,0,0
2573BL,BL,-16,217,65,3600,0,0,0,0
2573BL,BL,-15,101,26,3600,0,1,1,26
2573BL,BL,-14,145,37,2708,892,1,0,0
2573BL,BL,-13,215,69,3600,0,0,0,0
2573BL,BL,-12,64,16,3600,0,0,0,0
2573BL,BL,-11,375,92,2084,1516,2,1,159
2573BL,BL,-10,289,90,3600,0,0,0,0
2573BL,BL,-9,243,83,3600,0,0,0,0
2573BL,BL,-8,59,0,1039,2561,1,1,0
2573BL,BL,-7,86,25,2243,1357,2,1,40
2573BL,BL,-6,95,23,1119,2481,1,0,0
2573BL,BL,-5,130,29,3144,456,1,1,33
2573BL,BL,-4,135,33,1622,1978,2,1,73
2573BL,BL,-3,144,24,1532,2068,3,1,56
2573BL,BL,-2,164,34,1538,2062,5,3,716
2573BL,BL,-1,123,20,1876,1724,5,2,154
2573BL,BL,0,187,26,3600,0,0,0,0
2573BL,BL,1,199,30,3600,0,0,0,0
2573BR,BR,-23,79,20,3293,307,1,1,22
2573BR,BR,-22,27,8,324,3276,1,0,0
2573BR,BR,-21,80,17,3600,0,1,1,17
2573BR,BR,-20,2,0,627,2973,0,0,0
2573BR,BR,-19,42,4,706,2894,2,1,20
2573BR,BR,-18,17,4,397,3203,2,1,36
2573BR,BR,-17,13,1,307,3293,2,1,12
2573BR,BR,-16,91,22,1839,1761,1,0,0
2573BR,BR,-15,178,65,3600,0,0,0,0
2573BR,BR,-14,421,122,3600,0,0,0,0
2573BR,BR,-13,237,72,3600,0,0,0,0
2573BR,BR,-12,384,106,3600,0,0,0,0
2573BR,BR,-11,222,67,3600,0,0,0,0
2573BR,BR,-10,179,49,3431,169,1,1,51
2573BR,BR,-9,145,37,1159,2441,1,0,0
2573BR,BR,-8,70,16,3600,0,0,0,0
2573BR,BR,-7,93,28,1533,2067,2,1,66
2573BR,BR,-6,113,36,3600,0,0,0,0
2573BR,BR,-5,204,66,3600,0,0,0,0
2573BR,BR,-4,267,89,2976,624,1,1,108
2573BR,BR,-3,103,36,1091,2509,1,0,0
2573BR,BR,-2,93,17,3600,0,0,0,0
2573BR,BR,-1,28,6,2467,1133,3,2,35
2573BR,BR,0,48,15,823,2777,1,0,0
2573BR,BR,1,36,12,1458,2142,1,1,30
2573FL,FL,-23,55,10,1885,1715,3,2,76
2573FL,FL,-22,38,9,0,3600,2,1,0
2573FL,FL,-21,0,0,189,3411,0,0,0
2573FL,FL,-20,19,0,0,3600,0,0,0
2573FL,FL,-19,105,23,513,3087,1,0,0
2573FL,FL,-18,173,43,3456,144,2,1,45
2573FL,FL,-17,203,58,3600,0,0,0,0
2573FL,FL,-16,168,45,3600,0,0,0,0
2573FL,FL,-15,119,28,3336,264,2,1,30
2573FL,FL,-14,214,60,2966,634,0,0,0
2573FL,FL,-13,188,55,3600,0,0,0,0
2573FL,FL,-12,88,20,3600,0,1,1,20
2573FL,FL,-11,486,117,2076,1524,1,0,0
2573FL,FL,-10,416,131,3600,0,0,0,0
2573FL,FL,-9,280,85,3600,0,1,1,85
2573FL,FL,-8,28,2,104,3496,3,1,69
2573FL,FL,-7,102,27,2589,1011,1,1,38
2573FL,FL,-6,193,52,1542,2058,1,0,0
2573FL,FL,-5,107,31,2299,1301,1,1,49
2573FL,FL,-4,156,53,1895,1705,3,1,101
2573FL,FL,-3,65,15,1201,2399,1,1,45
2573FL,FL,-2,250,56,1969,1631,5,2,410
2573FL,FL,-1,236,59,1860,1740,4,2,457
2573FL,FL,0,395,94,3600,0,0,0,0
2573FL,FL,1,214,45,3600,0,0,0,0
2609BL,BL,-23,0,0,895,2705,0,0,0
2609BL,BL,-22,220,45,1326,2274,4,2,489
2609BL,BL,-21,191,54,370,3230,1,0,0
2609BL,BL,-20,369,97,3600,0,2,1,97
2609BL,BL,-19,414,112,2455,1145,2,1,164
2609BL,BL,-18,40,9,1027,2573,2,1,32
2609BL,BL,-17,174,43,1095,2505,3,2,565
2609BL,BL,-16,753,155,1578,2022,4,2,1414
2609BL,BL,-15,0,0,873,2727,0,0,0
2609BL,BL,-14,299,75,1365,2235,4,2,791
2609BL,BL,-13,102,18,1098,2502,6,3,531
2609BL,BL,-12,46,8,1340,2260,3,1,21
2609BL,BL,-11,82,11,1057,2543,6,3,337
2609BL,BL,-10,96,13,1416,2184,5,3,297
2609BL,BL,-9,45,2,536,3064,6,3,121
2609BL,BL,-8,10,1,163,3437,2,1,22
2609BL,BL,-7,572,129,1238,2362,7,3,3376
2609BL,BL,-6,83,19,1184,2416,3,2,231
2609BL,BL,-5,32,4,675,2925,1,0,0
2609BL,BL,-4,137,28,3600,0,0,0,0
2609BL,BL,-3,307,70,3600,0,0,0,0
2609BL,BL,-2,328,107,3600,0,0,0,0
2609BL,BL,-1,79,14,3600,0,0,0,0
2609BL,BL,0,53,10,3600,0,0,0,0
2609BL,BL,1,68,19,3600,0,0,0,0
2609BR,BR,-23,4,0,907,2693,1,1,0
2609BR,BR,-22,127,22,1325,2275,4,2,239
2609BR,BR,-21,108,27,361,3239,1,0,0
2609BR,BR,-20,225,53,3600,0,2,1,53
2609BR,BR,-19,223,51,2464,1136,2,1,75
2609BR,BR,-18,40,7,1027,2573,2,1,25
2609BR,BR,-17,81,19,1094,2506,3,2,250
2609BR,BR,-16,557,105,1561,2039,4,2,969
2609BR,BR,-15,1,0,874,2726,0,0,0
2609BR,BR,-14,165,36,1367,2233,4,2,379
2609BR,BR,-13,59,5,1122,2478,6,3,144
2609BR,BR,-12,48,0,1343,2257,3,1,0
2609BR,BR,-11,41,4,1056,2544,6,3,123
2609BR,BR,-10,19,3,1418,2182,5,3,69
2609BR,BR,-9,10,0,536,3064,6,3,0
2609BR,BR,-8,8,0,169,3431,2,1,0
2609BR,BR,-7,320,73,1212,2388,7,3,1951
2609BR,BR,-6,27,5,1189,2411,3,2,61
2609BR,BR,-5,12,0,677,2923,1,0,0
2609BR,BR,-4,68,11,3600,0,0,0,0
2609BR,BR,-3,201,47,3600,0,0,0,0
2609BR,BR,-2,203,43,3600,0,0,0,0
2609BR,BR,-1,87,2,3600,0,0,0,0
2609BR,BR,0,50,2,3600,0,0,0,0
2609BR,BR,1,38,11,3600,0,0,0,0
2609FL,FL,-23,8,0,902,2698,1,1,0
2609FL,FL,-22,310,69,1311,2289,4,2,758
2609FL,FL,-21,232,60,356,3244,1,0,0
2609FL,FL,-20,437,112,3600,0,2,1,112
2609FL,FL,-19,438,116,2456,1144,2,1,170
2609FL,FL,-18,58,14,1022,2578,2,1,49
2609FL,FL,-17,201,57,1089,2511,3,2,754
2609FL,FL,-16,857,185,1548,2052,4,2,1721
2609FL,FL,-15,3,0,867,2733,0,0,0
2609FL,FL,-14,356,90,1360,2240,4,2,953
2609FL,FL,-13,126,36,1077,2523,6,3,1083
2609FL,FL,-12,67,17,1326,2274,3,1,46
2609FL,FL,-11,95,13,1108,2492,8,4,676
2609FL,FL,-10,90,18,1396,2204,5,3,418
2609FL,FL,-9,66,10,516,3084,6,3,628
2609FL,FL,-8,14,0,159,3441,2,1,0
2609FL,FL,-7,613,123,1195,2405,7,3,3335
2609FL,FL,-6,105,25,2034,1566,2,1,44
2609FL,FL,-5,30,5,3600,0,0,0,0
2609FL,FL,-4,173,44,3600,0,0,0,0
2609FL,FL,-3,325,78,3600,0,0,0,0
2609FL,FL,-2,471,141,3600,0,0,0,0
2609FL,FL,-1,160,49,3600,0,0,0,0
2609FL,FL,0,61,14,3600,0,0,0,0
2609FL,FL,1,99,23,3600,0,0,0,0
2614BL,BL,-23,80,27,3600,0,0,0,0
2614BL,BL,-22,35,6,1062,2538,1,1,20
2614BL,BL,-21,129,39,1864,1736,1,0,0
2614BL,BL,-20,79,18,2469,1131,1,1,26
2614BL,BL,-19,79,22,1785,1815,1,0,0
2614BL,BL,-18,51,19,2349,1251,1,1,29
2614BL,BL,-17,1,0,0,3600,0,0,0
2614BL,BL,-16,38,7,1627,1973,1,0,0
2614BL,BL,-15,58,12,2812,788,2,1,15
2614BL,BL,-14,84,19,2940,660,1,1,23
2614BL,BL,-13,185,41,2503,1097,3,1,59
2614BL,BL,-12,48,11,2808,792,4,2,56
2614BL,BL,-11,51,14,2091,1509,2,1,24
2614BL,BL,-10,183,50,3132,468,1,1,57
2614BL,BL,-9,0,0,645,2955,0,0,0
2614BL,BL,-8,99,26,2459,1141,1,0,0
2614BL,BL,-7,44,11,2799,801,1,1,14
2614BL,BL,-6,94,26,2445,1155,2,1,38
2614BL,BL,-5,41,8,913,2687,2,1,32
2614BL,BL,-4,95,18,1647,1953,5,2,157
2614BL,BL,-3,116,22,2035,1565,3,2,156
2614BL,BL,-2,44,6,1836,1764,3,1,12
2614BL,BL,-1,82,14,3085,515,4,2,65
2614BL,BL,0,43,6,2188,1412,5,3,89
2614BL,BL,1,17,4,1264,2336,2,1,11
2614BR,BR,-23,46,10,3600,0,0,0,0
2614BR,BR,-22,11,4,1104,2496,1,1,13
2614BR,BR,-21,56,14,1821,1779,1,0,0
2614BR,BR,-20,49,12,2511,1089,1,1,17
2614BR,BR,-19,35,11,1742,1858,1,0,0
2614BR,BR,-18,39,4,2391,1209,1,1,6
2614BR,BR,-17,0,0,0,3600,0,0,0
2614BR,BR,-16,23,2,1583,2017,1,0,0
2614BR,BR,-15,29,3,2855,745,2,1,4
2614BR,BR,-14,49,8,2939,661,1,1,10
2614BR,BR,-13,136,35,2459,1141,3,1,51
2614BR,BR,-12,46,6,2806,794,4,2,31
2614BR,BR,-11,33,8,2133,1467,2,1,14
2614BR,BR,-10,135,31,3088,512,1,1,36
2614BR,BR,-9,0,0,687,2913,0,0,0
2614BR,BR,-8,99,18,2416,1184,1,0,0
2614BR,BR,-7,37,5,2841,759,1,1,6
2614BR,BR,-6,88,22,2401,1199,2,1,33
2614BR,BR,-5,32,1,911,2689,2,1,4
2614BR,BR,-4,89,13,1649,1951,4,2,114
2614BR,BR,-3,96,17,2030,1570,2,1,30
2614BR,BR,-2,74,8,1833,1767,4,2,63
2614BR,BR,-1,72,13,3084,516,4,2,61
2614BR,BR,0,61,11,2231,1369,5,3,160
2614BR,BR,1,29,1,1269,2331,1,0,0
2614FL,FL,-23,175,49,3600,0,0,0,0
2614FL,FL,-22,52,15,1558,2042,1,1,35
2614FL,FL,-21,175,51,1362,2238,1,0,0
2614FL,FL,-20,220,61,2965,635,1,1,74
2614FL,FL,-19,101,32,1281,2319,1,0,0
2614FL,FL,-18,142,38,2845,755,1,1,48
2614FL,FL,-17,2,0,0,3600,0,0,0
2614FL,FL,-16,25,5,1124,2476,1,0,0
2614FL,FL,-15,133,37,3309,291,2,1,40
2614FL,FL,-14,126,36,2934,666,1,1,44
2614FL,FL,-13,336,81,2075,1525,3,1,141
2614FL,FL,-12,70,18,3100,500,4,2,84
2614FL,FL,-11,69,22,2197,1403,1,1,36
2614FL,FL,-10,328,99,2627,973,1,0,0
2614FL,FL,-9,8,3,1142,2458,1,1,9
2614FL,FL,-8,158,44,1955,1645,1,0,0
2614FL,FL,-7,155,50,3296,304,1,1,55
2614FL,FL,-6,119,34,1942,1658,1,0,0
2614FL,FL,-5,98,33,1271,2329,2,1,93
2614FL,FL,-4,202,51,1268,2332,4,2,579
2614FL,FL,-3,219,65,2022,1578,4,2,463
2614FL,FL,-2,108,26,1824,1776,4,2,205
2614FL,FL,-1,140,34,3075,525,3,2,159
2614FL,FL,0,110,26,2673,927,5,2,140
2614FL,FL,1,45,9,797,2803,3,2,163
2661BL,BL,-23,39,8,946,2654,2,1,30
2661BL,BL,-22,15,0,0,3600,0,0,0
2661BL,BL,-21,74,22,1101,2499,1,0,0
2661BL,BL,-20,404,110,3600,0,0,0,0
2661BL,BL,-19,177,54,3600,0,0,0,0
2661BL,BL,-18,351,114,3600,0,0,0,0
2661BL,BL,-17,378,117,3600,0,0,0,0
2661BL,BL,-16,124,31,3600,0,0,0,0
2661BL,BL,-15,115,20,3600,0,0,0,0
2661BL,BL,-14,260,69,3600,0,0,0,0
2661BL,BL,-13,243,74,3600,0,0,0,0
2661BL,BL,-12,487,170,3600,0,0,0,0
2661BL,BL,-11,345,98,3600,0,0,0,0
2661BL,BL,-10,85,14,3548,52,1,1,14
2661BL,BL,-9,71,3,261,3339,1,0,0
2661BL,BL,-8,31,6,1386,2214,1,1,16
2661BL,BL,-7,22,3,177,3423,1,0,0
2661BL,BL,-6,51,6,3485,115,1,1,6
2661BL,BL,-5,61,11,775,2825,1,0,0
2661BL,BL,-4,64,13,3557,43,1,1,13
2661BL,BL,-3,0,0,0,3600,0,0,0
2661BL,BL,-2,48,9,278,3322,1,0,0
2661BL,BL,-1,72,13,3233,367,1,1,14
2661BL,BL,0,24,4,1031,2569,2,1,14
2661BL,BL,1,51,5,2619,981,2,1,7
2661BR,BR,-23,19,3,947,2653,1,1,11
2661BR,BR,-22,0,0,0,3600,0,0,0
2661BR,BR,-21,144,38,1925,1675,1,0,0
2661BR,BR,-20,343,91,3600,0,0,0,0
2661BR,BR,-19,234,63,3600,0,0,0,0
2661BR,BR,-18,415,121,3600,0,0,0,0
2661BR,BR,-17,351,106,3600,0,0,0,0
2661BR,BR,-16,78,15,3600,0,0,0,0
2661BR,BR,-15,178,43,3600,0,0,0,0
2661BR,BR,-14,299,82,3600,0,0,0,0
2661BR,BR,-13,449,131,3600,0,0,0,0
2661BR,BR,-12,397,119,3600,0,0,0,0
2661BR,BR,-11,312,86,3600,0,0,0,0
2661BR,BR,-10,67,15,2178,1422,1,1,25
2661BR,BR,-9,63,11,1087,2513,1,0,0
2661BR,BR,-8,3,1,3600,0,0,0,0
2661BR,BR,-7,55,8,3600,0,0,0,0
2661BR,BR,-6,52,8,2659,941,1,1,11
2661BR,BR,-5,100,20,1599,2001,1,0,0
2661BR,BR,-4,48,6,3600,0,0,0,0
2661BR,BR,-3,3,1,2909,691,1,1,1
2661BR,BR,-2,86,11,1104,2496,1,0,0
2661BR,BR,-1,43,5,2411,1189,1,1,7
2661BR,BR,0,45,4,1246,2354,3,1,12
2661BR,BR,1,54,5,2928,672,1,1,6
2661FL,FL,-23,26,7,941,2659,1,1,27
2661FL,FL,-22,3,0,0,3600,0,0,0
2661FL,FL,-21,258,78,1936,1664,1,0,0
2661FL,FL,-20,603,191,3600,0,0,0,0
2661FL,FL,-19,375,130,3600,0,0,0,0
2661FL,FL,-18,642,233,3600,0,0,0,0
2661FL,FL,-17,636,213,3600,0,0,0,0
2661FL,FL,-16,173,44,3600,0,0,0,0
2661FL,FL,-15,280,99,3600,0,0,0,0
2661FL,FL,-14,465,161,3600,0,0,0,0
2661FL,FL,-13,706,257,3600,0,0,0,0
2661FL,FL,-12,598,208,3600,0,0,0,0
2661FL,FL,-11,533,188,3600,0,0,0,0
2661FL,FL,-10,168,36,2210,1390,3,2,235
2661FL,FL,-9,136,34,1097,2503,2,1,112
2661FL,FL,-8,4,0,545,3055,0,0,0
2661FL,FL,-7,118,38,1014,2586,1,0,0
2661FL,FL,-6,105,38,2643,957,1,1,52
2661FL,FL,-5,161,50,1610,1990,1,0,0
2661FL,FL,-4,90,27,2717,883,1,1,36
2661FL,FL,-3,2,0,0,3600,0,0,0
2661FL,FL,-2,157,46,1115,2485,1,0,0
2661FL,FL,-1,81,23,2392,1208,1,1,35
2661FL,FL,0,88,23,1260,2340,5,2,263
2661FL,FL,1,102,31,2924,676,1,1,38
2710BL,BL,-23,27,0,470,3130,0,0,0
2710BL,BL,-22,33,8,447,3153,1,0,0
2710BL,BL,-21,34,8,2254,1346,1,1,13
2710BL,BL,-20,112,21,370,3230,1,0,0
2710BL,BL,-19,105,28,3600,0,1,1,28
2710BL,BL,-18,0,0,647,2953,0,0,0
2710BL,BL,-17,0,0,0,3600,0,0,0
2710BL,BL,-16,53,5,337,3263,2,1,53
2710BL,BL,-15,5,0,0,3600,0,0,0
2710BL,BL,-14,4,0,0,3600,0,0,0
2710BL,BL,-13,251,61,2150,1450,1,0,0
2710BL,BL,-12,83,19,3600,0,0,0,0
2710BL,BL,-11,305,81,3600,0,0,0,0
2710BL,BL,-10,306,87,3600,0,0,0,0
2710BL,BL,-9,162,44,3600,0,0,0,0
2710BL,BL,-8,260,61,3600,0,2,1,61
2710BL,BL,-7,78,17,3183,417,1,1,19
2710BL,BL,-6,47,13,474,3126,1,0,0
2710BL,BL,-5,97,27,3200,400,0,0,0
2710BL,BL,-4,167,47,3600,0,0,0,0
2710BL,BL,-3,172,45,3600,0,1,1,45
2710BL,BL,-2,45,0,613,2987,0,0,0
2710BL,BL,-1,39,5,285,3315,1,0,0
2710BL,BL,0,237,57,3600,0,0,0,0
2710BL,BL,1,168,37,3600,0,1,1,37
2710BR,BR,-23,0,0,344,3256,0,0,0
2710BR,BR,-22,23,6,571,3029,1,0,0
2710BR,BR,-21,46,6,2131,1469,1,1,10
2710BR,BR,-20,43,7,496,3104,1,0,0
2710BR,BR,-19,134,23,3600,0,1,1,23
2710BR,BR,-18,7,0,523,3077,0,0,0
2710BR,BR,-17,11,0,0,3600,0,0,0
2710BR,BR,-16,20,3,337,3263,2,1,32
2710BR,BR,-15,0,0,0,3600,0,0,0
2710BR,BR,-14,0,0,0,3600,0,0,0
2710BR,BR,-13,190,58,2275,1325,1,0,0
2710BR,BR,-12,95,19,3600,0,0,0,0
2710BR,BR,-11,198,61,3600,0,0,0,0
2710BR,BR,-10,292,79,3600,0,0,0,0
2710BR,BR,-9,181,53,3600,0,0,0,0
2710BR,BR,-8,220,64,3600,0,2,1,64
2710BR,BR,-7,189,42,3181,419,1,1,48
2710BR,BR,-6,89,15,349,3251,1,0,0
2710BR,BR,-5,146,40,3328,272,0,0,0
2710BR,BR,-4,183,50,3600,0,0,0,0
2710BR,BR,-3,161,46,3600,0,1,1,46
2710BR,BR,-2,0,0,486,3114,0,0,0
2710BR,BR,-1,38,9,412,3188,1,0,0
2710BR,BR,0,189,57,3600,0,0,0,0
2710BR,BR,1,142,23,3600,0,1,1,23
2710FL,FL,-23,0,0,0,3600,0,0,0
2710FL,FL,-22,14,2,1478,2122,1,0,0
2710FL,FL,-21,2,0,1217,2383,1,1,0
2710FL,FL,-20,69,16,1403,2197,1,0,0
2710FL,FL,-19,99,25,3210,390,1,1,28
2710FL,FL,-18,3,0,0,3600,2,1,0
2710FL,FL,-17,4,0,22,3578,0,0,0
2710FL,FL,-16,21,3,331,3269,2,1,33
2710FL,FL,-15,0,0,0,3600,0,0,0
2710FL,FL,-14,91,27,0,3600,1,0,0
2710FL,FL,-13,117,36,3182,418,0,0,0
2710FL,FL,-12,118,38,3600,0,0,0,0
2710FL,FL,-11,131,36,3600,0,0,0,0
2710FL,FL,-10,237,83,3600,0,0,0,0
2710FL,FL,-9,298,101,3600,0,0,0,0
2710FL,FL,-8,237,68,3176,424,2,1,77
2710FL,FL,-7,132,37,3036,564,1,1,44
2710FL,FL,-6,77,21,634,2966,1,0,0
2710FL,FL,-5,138,39,3600,0,0,0,0
2710FL,FL,-4,125,26,3600,0,0,0,0
2710FL,FL,-3,182,51,3174,426,1,1,58
2710FL,FL,-2,4,0,0,3600,0,0,0
2710FL,FL,-1,28,4,1319,2281,1,0,0
2710FL,FL,0,285,78,3600,0,0,0,0
2710FL,FL,1,46,9,3079,521,3,2,42
2715BL,BL,-23,0,0,0,3600,0,0,0
2715BL,BL,-22,141,45,2298,1302,1,0,0
2715BL,BL,-21,238,75,2760,840,2,1,98
2715BL,BL,-20,28,5,1500,2100,1,1,12
2715BL,BL,-19,0,0,0,3600,0,0,0
2715BL,BL,-18,291,90,2560,1040,1,0,0
2715BL,BL,-17,105,34,2439,1161,1,1,50
2715BL,BL,-16,18,2,378,3222,2,1,19
2715BL,BL,-15,85,16,378,3222,3,1,152
2715BL,BL,-14,134,32,3348,252,3,2,138
2715BL,BL,-13,0,0,503,3097,0,0,0
2715BL,BL,-12,138,37,1508,2092,1,0,0
2715BL,BL,-11,168,49,3584,16,2,1,49
2715BL,BL,-10,139,33,2862,738,4,2,166
2715BL,BL,-9,319,95,2421,1179,2,1,141
2715BL,BL,-8,172,60,3071,529,0,0,0
2715BL,BL,-7,256,80,3600,0,0,0,0
2715BL,BL,-6,222,64,3600,0,0,0,0
2715BL,BL,-5,259,73,3316,284,1,1,79
2715BL,BL,-4,264,65,2533,1067,2,1,92
2715BL,BL,-3,43,8,357,3243,2,1,81
2715BL,BL,-2,50,10,116,3484,4,2,1241
2715BL,BL,-1,109,13,2272,1328,1,0,0
2715BL,BL,0,121,18,3600,0,2,1,18
2715BL,BL,1,151,35,3325,275,4,2,152
2715BR,BR,-23,3,0,0,3600,0,0,0
2715BR,BR,-22,209,49,2276,1324,1,0,0
2715BR,BR,-21,320,103,2759,841,2,1,134
2715BR,BR,-20,46,13,1502,2098,1,1,31
2715BR,BR,-19,0,0,0,3600,0,0,0
2715BR,BR,-18,339,97,2560,1040,1,0,0
2715BR,BR,-17,158,49,2437,1163,1,1,72
2715BR,BR,-16,25,5,380,3220,2,1,47
2715BR,BR,-15,129,28,370,3230,5,2,1090
2715BR,BR,-14,186,55,3348,252,3,2,237
2715BR,BR,-13,4,0,503,3097,0,0,0
2715BR,BR,-12,187,52,1509,2091,1,0,0
2715BR,BR,-11,229,71,3582,18,2,1,71
2715BR,BR,-10,185,50,2864,736,2,1,63
2715BR,BR,-9,396,112,2430,1170,2,1,166
2715BR,BR,-8,206,69,3071,529,0,0,0
2715BR,BR,-7,311,105,3600,0,0,0,0
2715BR,BR,-6,256,87,3600,0,0,0,0
2715BR,BR,-5,295,91,3317,283,1,1,99
2715BR,BR,-4,384,94,2535,1065,2,1,133
2715BR,BR,-3,47,8,356,3244,2,1,81
2715BR,BR,-2,50,12,118,3482,4,2,1464
2715BR,BR,-1,151,24,2271,1329,1,0,0
2715BR,BR,0,133,29,3600,0,2,1,29
2715BR,BR,1,191,45,3325,275,4,2,195
2715FL,FL,-23,0,0,0,3600,0,0,0
2715FL,FL,-22,108,32,2271,1329,1,0,0
2715FL,FL,-21,265,86,2752,848,2,1,113
2715FL,FL,-20,25,8,1493,2107,1,1,19
2715FL,FL,-19,4,0,0,3600,0,0,0
2715FL,FL,-18,291,78,2561,1039,1,0,0
2715FL,FL,-17,185,60,2432,1168,1,1,89
2715FL,FL,-16,27,3,373,3227,2,1,29
2715FL,FL,-15,82,18,370,3230,3,1,175
2715FL,FL,-14,147,47,3346,254,3,2,202
2715FL,FL,-13,0,0,492,3108,0,0,0
2715FL,FL,-12,159,43,1507,2093,1,0,0
2715FL,FL,-11,225,86,3575,25,2,1,87
2715FL,FL,-10,195,61,2851,749,6,3,693
2715FL,FL,-9,470,130,2409,1191,4,2,777
2715FL,FL,-8,233,77,3071,529,0,0,0
2715FL,FL,-7,333,111,3600,0,0,0,0
2715FL,FL,-6,317,104,3594,6,2,1,104
2715FL,FL,-5,315,102,3314,286,1,1,111
2715FL,FL,-4,269,75,2532,1068,2,1,107
2715FL,FL,-3,55,7,343,3257,2,1,73
2715FL,FL,-2,51,8,105,3495,4,2,1097
2715FL,FL,-1,110,21,2271,1329,1,0,0
2715FL,FL,0,174,41,3600,0,2,1,41
2715FL,FL,1,210,49,3310,290,4,2,213
2726BL,BL,-23,0,0,0,3600,0,0,0
2726BL,BL,-22,74,21,167,3433,1,0,0
2726BL,BL,-21,107,31,3600,0,0,0,0
2726BL,BL,-20,119,40,3600,0,0,0,0
2726BL,BL,-19,158,57,3423,177,2,1,60
2726BL,BL,-18,108,27,3600,0,1,1,27
2726BL,BL,-17,108,31,1916,1684,1,0,0
2726BL,BL,-16,117,32,3600,0,2,1,32
2726BL,BL,-15,441,128,2826,774,3,2,652
2726BL,BL,-14,107,29,2396,1204,1,0,0
2726BL,BL,-13,275,86,3600,0,2,1,86
2726BL,BL,-12,123,24,3124,476,3,2,111
2726BL,BL,-11,624,138,2271,1329,1,0,0
2726BL,BL,-10,292,71,3600,0,2,1,71
2726BL,BL,-9,55,5,2168,1432,3,2,33
2726BL,BL,-8,26,2,639,2961,2,1,11
2726BL,BL,-7,139,31,1627,1973,3,1,69
2726BL,BL,-6,48,7,1366,2234,1,1,18
2726BL,BL,-5,443,106,1674,1926,3,1,228
2726BL,BL,-4,127,30,2557,1043,5,3,380
2726BL,BL,-3,599,160,1900,1700,3,1,303
2726BL,BL,-2,835,175,2269,1331,10,5,6941
2726BL,BL,-1,482,71,2936,664,7,4,1393
2726BL,BL,0,165,30,1442,2158,5,2,300
2726BL,BL,1,387,78,3600,0,0,0,0
2726BR,BR,-23,8,0,0,3600,0,0,0
2726BR,BR,-22,71,17,124,3476,1,0,0
2726BR,BR,-21,98,29,3600,0,0,0,0
2726BR,BR,-20,119,36,3600,0,0,0,0
2726BR,BR,-19,164,46,3422,178,2,1,48
2726BR,BR,-18,84,27,3600,0,1,1,27
2726BR,BR,-17,76,24,1916,1684,1,0,0
2726BR,BR,-16,93,28,3600,0,2,1,28
2726BR,BR,-15,428,131,2828,772,2,1,167
2726BR,BR,-14,80,21,2398,1202,2,1,32
2726BR,BR,-13,223,75,3600,0,0,0,0
2726BR,BR,-12,136,22,3132,468,3,2,101
2726BR,BR,-11,535,111,2273,1327,1,0,0
2726BR,BR,-10,252,65,3600,0,2,1,65
2726BR,BR,-9,65,10,2213,1387,3,2,65
2726BR,BR,-8,23,3,639,2961,2,1,17
2726BR,BR,-7,133,20,1628,1972,3,1,44
2726BR,BR,-6,44,4,1366,2234,1,1,11
2726BR,BR,-5,371,94,1631,1969,3,1,207
2726BR,BR,-4,115,32,2600,1000,5,3,399
2726BR,BR,-3,545,139,1857,1743,3,1,269
2726BR,BR,-2,765,150,2249,1351,10,5,6003
2726BR,BR,-1,478,45,2934,666,7,4,883
2726BR,BR,0,173,10,1279,2321,7,3,253
2726BR,BR,1,368,61,3360,240,0,0,0
2726FL,FL,-23,0,0,0,3600,0,0,0
2726FL,FL,-22,86,20,77,3523,1,0,0
2726FL,FL,-21,118,32,3600,0,0,0,0
2726FL,FL,-20,170,53,3600,0,0,0,0
2726FL,FL,-19,184,52,3418,182,2,1,55
2726FL,FL,-18,198,57,3600,0,1,1,57
2726FL,FL,-17,122,33,1911,1689,1,0,0
2726FL,FL,-16,176,52,3600,0,2,1,52
2726FL,FL,-15,640,167,2821,779,2,1,213
2726FL,FL,-14,166,44,2395,1205,2,1,66
2726FL,FL,-13,390,109,3600,0,0,0,0
2726FL,FL,-12,181,46,3128,472,3,2,212
2726FL,FL,-11,749,173,2270,1330,1,0,0
2726FL,FL,-10,475,138,3600,0,2,1,138
2726FL,FL,-9,62,15,2253,1347,3,2,96
2726FL,FL,-8,36,5,636,2964,2,1,28
2726FL,FL,-7,214,50,1624,1976,3,1,111
2726FL,FL,-6,23,4,1363,2237,1,1,11
2726FL,FL,-5,493,122,1574,2026,3,1,279
2726FL,FL,-4,343,78,2641,959,5,3,957
2726FL,FL,-3,863,187,1807,1793,2,1,373
2726FL,FL,-2,1316,290,2234,1366,13,6,16824
2726FL,FL,-1,539,106,2934,666,7,4,2081
2726FL,FL,0,185,41,1432,2168,5,2,412
2726FL,FL,1,405,97,3600,0,0,0,0
2741BL,BL,-23,9,0,277,3323,0,0,0
2741BL,BL,-22,134,42,2198,1402,1,0,0
2741BL,BL,-21,223,67,3600,0,0,0,0
2741BL,BL,-20,75,22,1963,1637,1,1,40
2741BL,BL,-19,137,50,684,2916,1,0,0
2741BL,BL,-18,184,48,3574,26,1,1,48
2741BL,BL,-17,34,10,168,3432,1,0,0
2741BL,BL,-16,73,26,2469,1131,1,1,38
2741BL,BL,-15,0,0,0,3600,0,0,0
2741BL,BL,-14,150,51,2281,1319,2,1,80
2741BL,BL,-13,1,0,8,3592,0,0,0
2741BL,BL,-12,34,3,1009,2591,2,1,11
2741BL,BL,-11,0,0,0,3600,0,0,0
2741BL,BL,-10,7,0,0,3600,1,0,0
2741BL,BL,-9,7,0,771,2829,1,1,0
2741BL,BL,-8,3,0,0,3600,0,0,0
2741BL,BL,-7,10,1,545,3055,2,1,7
2741BL,BL,-6,83,10,1550,2050,6,3,209
2741BL,BL,-5,48,0,46,3554,0,0,0
2741BL,BL,-4,171,0,0,3600,0,0,0
2741BL,BL,-3,171,0,0,3600,0,0,0
2741BL,BL,-2,1000,0,0,3600,0,0,0
2741BL,BL,-1,322,67,1097,2503,2,1,220
2741BL,BL,0,427,109,1799,1801,3,1,218
2741BL,BL,1,505,125,2869,731,4,2,627
2741BR,BR,-23,0,0,343,3257,0,0,0
2741BR,BR,-22,127,34,2131,1469,1,0,0
2741BR,BR,-21,168,54,3600,0,0,0,0
2741BR,BR,-20,90,22,2030,1570,1,1,39
2741BR,BR,-19,118,38,618,2982,1,0,0
2741BR,BR,-18,158,47,3600,0,1,1,47
2741BR,BR,-17,47,15,141,3459,1,0,0
2741BR,BR,-16,74,23,2536,1064,1,1,33
2741BR,BR,-15,0,0,0,3600,0,0,0
2741BR,BR,-14,77,28,2215,1385,2,1,46
2741BR,BR,-13,0,0,74,3526,0,0,0
2741BR,BR,-12,17,5,1009,2591,2,1,18
2741BR,BR,-11,7,0,0,3600,0,0,0
2741BR,BR,-10,6,0,0,3600,0,0,0
2741BR,BR,-9,8,1,771,2829,2,1,5
2741BR,BR,-8,0,0,0,3600,0,0,0
2741BR,BR,-7,30,1,546,3054,2,1,7
2741BR,BR,-6,59,13,1555,2045,3,1,30
2741BR,BR,-5,176,56,3454,146,0,0,0
2741BR,BR,-4,163,39,1790,1810,2,1,78
2741BR,BR,-3,138,18,1061,2539,7,4,977
2741BR,BR,-2,1081,300,1978,1622,1,0,0
2741BR,BR,-1,516,132,3480,120,3,2,546
2741BR,BR,0,389,106,1799,1801,3,1,212
2741BR,BR,1,545,153,2934,666,4,2,751
2741FL,FL,-23,28,5,9,3591,3,1,2000
2741FL,FL,-22,169,48,3051,549,0,0,0
2741FL,FL,-21,261,79,3600,0,0,0,0
2741FL,FL,-20,39,11,1105,2495,1,1,36
2741FL,FL,-19,178,54,1538,2062,1,0,0
2741FL,FL,-18,144,41,2715,885,1,1,54
2741FL,FL,-17,121,37,1021,2579,1,0,0
2741FL,FL,-16,91,20,1818,1782,3,2,158
2741FL,FL,-15,29,7,0,3600,1,0,0
2741FL,FL,-14,69,26,2284,1316,1,1,41
2741FL,FL,-13,8,0,0,3600,0,0,0
2741FL,FL,-12,26,3,1002,2598,2,1,11
2741FL,FL,-11,13,0,0,3600,0,0,0
2741FL,FL,-10,19,3,202,3398,4,2,214
2741FL,FL,-9,1,0,756,2844,0,0,0
2741FL,FL,-8,2,0,0,3600,0,0,0
2741FL,FL,-7,20,0,538,3062,5,2,0
2741FL,FL,-6,74,17,2606,994,2,1,23
2741FL,FL,-5,267,85,3600,0,1,1,85
2741FL,FL,-4,130,31,1763,1837,4,2,253
2741FL,FL,-3,143,10,146,3454,9,4,3945
2741FL,FL,-2,1271,351,2905,695,0,0,0
2741FL,FL,-1,634,140,3336,264,5,3,1360
2741FL,FL,0,513,134,1930,1670,1,0,0
2741FL,FL,1,489,120,2481,1119,4,2,696
2743BL,BL,-23,5,0,0,3600,0,0,0
2743BL,BL,-22,2,0,0,3600,0,0,0
2743BL,BL,-21,38,9,0,3600,1,0,0
2743BL,BL,-20,183,62,3456,144,0,0,0
2743BL,BL,-19,52,13,2165,1435,3,2,86
2743BL,BL,-18,0,0,0,3600,0,0,0
2743BL,BL,-17,90,23,1917,1683,1,0,0
2743BL,BL,-16,136,30,3068,532,2,1,35
2743BL,BL,-15,136,34,3237,363,0,0,0
2743BL,BL,-14,63,12,2252,1348,1,1,19
2743BL,BL,-13,29,6,0,3600,1,0,0
2743BL,BL,-12,107,26,2907,693,0,0,0
2743BL,BL,-11,46,10,2274,1326,1,1,16
2743BL,BL,-10,77,19,338,3262,3,1,202
2743BL,BL,-9,36,8,1463,2137,1,1,20
2743BL,BL,-8,40,8,1347,2253,1,0,0
2743BL,BL,-7,115,26,2203,1397,2,1,42
2743BL,BL,-6,145,44,2376,1224,2,1,67
2743BL,BL,-5,60,15,1880,1720,1,1,29
2743BL,BL,-4,21,2,215,3385,2,1,33
2743BL,BL,-3,82,13,1870,1730,4,2,100
2743BL,BL,-2,70,11,942,2658,4,2,168
2743BL,BL,-1,211,39,794,2806,5,2,707
2743BL,BL,0,98,21,2385,1215,3,2,127
2743BL,BL,1,32,3,1069,2531,4,2,40
2743BR,BR,-23,0,0,0,3600,0,0,0
2743BR,BR,-22,0,0,0,3600,0,0,0
2743BR,BR,-21,23,3,0,3600,1,0,0
2743BR,BR,-20,175,70,3455,145,0,0,0
2743BR,BR,-19,60,14,2167,1433,3,2,93
2743BR,BR,-18,0,0,0,3600,0,0,0
2743BR,BR,-17,92,19,1916,1684,1,0,0
2743BR,BR,-16,112,31,3068,532,2,1,36
2743BR,BR,-15,118,37,3236,364,0,0,0
2743BR,BR,-14,38,9,2252,1348,1,1,14
2743BR,BR,-13,18,4,0,3600,1,0,0
2743BR,BR,-12,86,25,2907,693,0,0,0
2743BR,BR,-11,39,12,2274,1326,1,1,19
2743BR,BR,-10,45,14,338,3262,1,0,0
2743BR,BR,-9,31,4,1470,2130,1,1,10
2743BR,BR,-8,30,4,1348,2252,1,0,0
2743BR,BR,-7,126,36,2203,1397,2,1,59
2743BR,BR,-6,150,49,2378,1222,2,1,74
2743BR,BR,-5,41,8,1879,1721,1,1,15
2743BR,BR,-4,21,1,214,3386,2,1,17
2743BR,BR,-3,105,12,1870,1730,4,2,92
2743BR,BR,-2,65,15,943,2657,4,2,229
2743BR,BR,-1,169,38,795,2805,5,2,688
2743BR,BR,0,106,26,2386,1214,3,2,157
2743BR,BR,1,41,2,1069,2531,4,2,27
2743FL,FL,-23,1,0,0,3600,0,0,0
2743FL,FL,-22,1,0,0,3600,0,0,0
2743FL,FL,-21,36,12,0,3600,1,0,0
2743FL,FL,-20,242,71,3542,58,0,0,0
2743FL,FL,-19,65,13,2069,1531,3,2,90
2743FL,FL,-18,12,0,0,3600,0,0,0
2743FL,FL,-17,75,18,2005,1595,1,0,0
2743FL,FL,-16,138,40,2975,625,2,1,48
2743FL,FL,-15,136,35,3325,275,0,0,0
2743FL,FL,-14,20,3,2157,1443,1,1,5
2743FL,FL,-13,29,9,0,3600,1,0,0
2743FL,FL,-12,75,20,2996,604,0,0,0
2743FL,FL,-11,41,12,2179,1421,1,1,20
2743FL,FL,-10,66,15,428,3172,1,0,0
2743FL,FL,-9,19,3,1373,2227,1,1,8
2743FL,FL,-8,47,7,1440,2160,1,0,0
2743FL,FL,-7,123,43,2199,1401,2,1,70
2743FL,FL,-6,169,53,2371,1229,2,1,80
2743FL,FL,-5,69,18,1781,1819,1,1,36
2743FL,FL,-4,19,1,208,3392,2,1,17
2743FL,FL,-3,59,8,1955,1645,4,2,59
2743FL,FL,-2,72,12,839,2761,6,3,463
2743FL,FL,-1,268,58,875,2725,5,2,955
2743FL,FL,0,99,31,2286,1314,3,2,195
2743FL,FL,1,49,11,1150,2450,4,2,138
2745BL,BL,-23,172,48,2118,1482,1,0,0
2745BL,BL,-22,186,49,3600,0,0,0,0
2745BL,BL,-21,266,92,3600,0,0,0,0
2745BL,BL,-20,185,48,3600,0,0,0,0
2745BL,BL,-19,78,24,2149,1451,1,1,40
2745BL,BL,-18,71,11,1710,1890,1,0,0
2745BL,BL,-17,126,24,3600,0,0,0,0
2745BL,BL,-16,220,56,3600,0,0,0,0
2745BL,BL,-15,67,22,2464,1136,1,1,32
2745BL,BL,-14,0,0,0,3600,0,0,0
2745BL,BL,-13,71,19,1951,1649,2,1,35
2745BL,BL,-12,1,0,833,2767,0,0,0
2745BL,BL,-11,62,15,0,3600,1,0,0
2745BL,BL,-10,440,119,3231,369,0,0,0
2745BL,BL,-9,238,76,3600,0,0,0,0
2745BL,BL,-8,322,92,3600,0,0,0,0
2745BL,BL,-7,291,99,3600,0,0,0,0
2745BL,BL,-6,217,73,3600,0,0,0,0
2745BL,BL,-5,314,107,3600,0,0,0,0
2745BL,BL,-4,205,61,3600,0,0,0,0
2745BL,BL,-3,326,100,2102,1498,2,1,171
2745BL,BL,-2,314,101,2726,874,4,2,534
2745BL,BL,-1,389,122,3282,318,0,0,0
2745BL,BL,0,130,42,1720,1880,1,1,88
2745BL,BL,1,0,0,0,3600,0,0,0
2745BR,BR,-23,169,52,2089,1511,1,0,0
2745BR,BR,-22,155,50,3600,0,0,0,0
2745BR,BR,-21,257,85,3600,0,0,0,0
2745BR,BR,-20,146,42,3600,0,0,0,0
2745BR,BR,-19,95,32,2180,1420,1,1,53
2745BR,BR,-18,49,3,1681,1919,1,0,0
2745BR,BR,-17,182,38,3600,0,2,1,38
2745BR,BR,-16,176,56,3598,2,0,0,0
2745BR,BR,-15,78,16,2495,1105,1,1,23
2745BR,BR,-14,19,0,0,3600,0,0,0
2745BR,BR,-13,73,8,1921,1679,2,1,15
2745BR,BR,-12,0,0,863,2737,0,0,0
2745BR,BR,-11,36,12,0,3600,1,0,0
2745BR,BR,-10,443,116,3196,404,2,1,131
2745BR,BR,-9,177,57,3600,0,0,0,0
2745BR,BR,-8,295,88,3600,0,0,0,0
2745BR,BR,-7,305,91,3600,0,0,0,0
2745BR,BR,-6,258,90,3600,0,0,0,0
2745BR,BR,-5,321,104,3600,0,0,0,0
2745BR,BR,-4,232,72,3600,0,0,0,0
2745BR,BR,-3,353,85,2103,1497,2,1,146
2745BR,BR,-2,302,87,2754,846,4,2,455
2745BR,BR,-1,330,106,3252,348,0,0,0
2745BR,BR,0,104,30,1751,1849,1,1,62
2745BR,BR,1,3,0,0,3600,0,0,0
2745FL,FL,-23,260,79,3016,584,0,0,0
2745FL,FL,-22,217,76,3600,0,0,0,0
2745FL,FL,-21,258,86,3600,0,0,0,0
2745FL,FL,-20,196,58,3600,0,0,0,0
2745FL,FL,-19,32,11,1244,2356,1,1,32
2745FL,FL,-18,90,24,2608,992,1,0,0
2745FL,FL,-17,132,39,3600,0,0,0,0
2745FL,FL,-16,192,66,3600,0,0,0,0
2745FL,FL,-15,34,11,1560,2040,1,1,25
2745FL,FL,-14,24,5,0,3600,1,0,0
2745FL,FL,-13,57,14,2779,821,1,1,18
2745FL,FL,-12,1,0,0,3600,0,0,0
2745FL,FL,-11,147,41,534,3066,3,1,276
2745FL,FL,-10,589,140,3600,0,0,0,0
2745FL,FL,-9,346,114,3600,0,0,0,0
2745FL,FL,-8,320,97,3600,0,0,0,0
2745FL,FL,-7,362,111,3600,0,0,0,0
2745FL,FL,-6,285,99,3600,0,0,0,0
2745FL,FL,-5,431,154,3600,0,0,0,0
2745FL,FL,-4,264,84,3600,0,1,1,84
2745FL,FL,-3,603,182,2097,1503,2,1,312
2745FL,FL,-2,302,79,2397,1203,3,1,119
2745FL,FL,-1,587,192,3600,0,1,1,192
2745FL,FL,0,0,0,815,2785,0,0,0
2745FL,FL,1,3,0,0,3600,0,0,0
2753BL,BL,-23,34,7,1107,2493,3,1,23
2753BL,BL,-22,80,21,3138,462,2,1,24
2753BL,BL,-21,16,1,1080,2520,1,1,3
2753BL,BL,-20,15,1,0,3600,2,1,0
2753BL,BL,-19,0,0,318,3282,0,0,0
2753BL,BL,-18,38,5,213,3387,3,1,85
2753BL,BL,-17,667,178,1970,1630,4,2,1301
2753BL,BL,-16,149,44,2310,1290,1,1,69
2753BL,BL,-15,581,149,1222,2378,1,0,0
2753BL,BL,-14,511,123,3600,0,0,0,0
2753BL,BL,-13,2218,575,3600,0,0,0,0
2753BL,BL,-12,750,195,3600,0,0,0,0
2753BL,BL,-11,1162,339,3561,39,2,1,343
2753BL,BL,-10,709,195,3600,0,0,0,0
2753BL,BL,-9,224,64,3600,0,0,0,0
2753BL,BL,-8,120,33,2758,842,2,1,43
2753BL,BL,-7,137,32,3600,0,0,0,0
2753BL,BL,-6,238,58,3600,0,0,0,0
2753BL,BL,-5,466,121,3261,339,2,1,134
2753BL,BL,-4,546,147,3600,0,0,0,0
2753BL,BL,-3,168,61,3600,0,0,0,0
2753BL,BL,-2,285,79,3600,0,0,0,0
2753BL,BL,-1,257,82,3600,0,0,0,0
2753BL,BL,0,179,53,3600,0,1,1,53
2753BL,BL,1,0,0,301,3299,0,0,0
2753BR,BR,-23,70,9,1922,1678,2,1,17
2753BR,BR,-22,93,20,3231,369,3,2,89
2753BR,BR,-21,1,0,492,3108,0,0,0
2753BR,BR,-20,15,4,320,3280,2,1,45
2753BR,BR,-19,0,0,0,3600,0,0,0
2753BR,BR,-18,62,10,437,3163,4,2,330
2753BR,BR,-17,860,221,2599,1001,3,1,306
2753BR,BR,-16,8,3,1493,2107,1,1,7
2753BR,BR,-15,612,164,2037,1563,1,0,0
2753BR,BR,-14,486,126,3600,0,0,0,0
2753BR,BR,-13,2472,648,3600,0,0,0,0
2753BR,BR,-12,886,228,3600,0,0,0,0
2753BR,BR,-11,914,253,3558,42,2,1,256
2753BR,BR,-10,767,228,3600,0,0,0,0
2753BR,BR,-9,263,67,3600,0,0,0,0
2753BR,BR,-8,78,21,2755,845,2,1,27
2753BR,BR,-7,214,62,3600,0,0,0,0
2753BR,BR,-6,219,64,3600,0,0,0,0
2753BR,BR,-5,895,229,3259,341,2,1,253
2753BR,BR,-4,253,91,3600,0,0,0,0
2753BR,BR,-3,210,62,3600,0,0,0,0
2753BR,BR,-2,288,88,3600,0,0,0,0
2753BR,BR,-1,247,81,3600,0,0,0,0
2753BR,BR,0,184,58,3169,431,1,1,66
2753BR,BR,1,17,3,0,3600,1,0,0
2753FL,FL,-23,73,15,2007,1593,3,2,108
2753FL,FL,-22,127,35,3133,467,2,1,40
2753FL,FL,-21,2,0,168,3432,2,1,0
2753FL,FL,-20,24,4,633,2967,4,2,91
2753FL,FL,-19,11,0,0,3600,3,1,0
2753FL,FL,-18,96,22,922,2678,4,2,344
2753FL,FL,-17,924,258,2591,1009,2,1,358
2753FL,FL,-16,4,0,1397,2203,1,1,0
2753FL,FL,-15,648,154,2128,1472,1,0,0
2753FL,FL,-14,558,167,3600,0,0,0,0
2753FL,FL,-13,2429,731,3600,0,0,0,0
2753FL,FL,-12,796,267,3600,0,0,0,0
2753FL,FL,-11,829,290,3555,45,2,1,294
2753FL,FL,-10,743,242,3600,0,0,0,0
2753FL,FL,-9,208,76,3600,0,1,1,76
2753FL,FL,-8,60,13,2749,851,1,0,0
2753FL,FL,-7,101,31,3600,0,0,0,0
2753FL,FL,-6,137,34,3600,0,0,0,0
2753FL,FL,-5,720,216,3254,346,2,1,239
2753FL,FL,-4,166,51,3600,0,0,0,0
2753FL,FL,-3,125,34,3600,0,0,0,0
2753FL,FL,-2,317,105,3600,0,0,0,0
2753FL,FL,-1,190,57,3600,0,0,0,0
2753FL,FL,0,115,36,2985,615,3,2,174
2753FL,FL,1,9,0,528,3072,3,1,0
2778BL,BL,-23,338,95,3600,0,0,0,0
2778BL,BL,-22,419,127,3600,0,0,0,0
2778BL,BL,-21,340,95,3600,0,0,0,0
2778BL,BL,-20,296,86,3600,0,0,0,0
2778BL,BL,-19,138,37,2882,718,2,1,46
2778BL,BL,-18,413,125,3600,0,0,0,0
2778BL,BL,-17,44,9,2280,1320,3,2,57
2778BL,BL,-16,25,2,404,3196,2,1,18
2778BL,BL,-15,150,45,1632,1968,1,0,0
2778BL,BL,-14,250,69,3600,0,0,0,0
2778BL,BL,-13,228,68,3242,358,2,1,76
2778BL,BL,-12,140,38,1592,2008,3,2,344
2778BL,BL,-11,10,2,287,3313,2,1,25
2778BL,BL,-10,148,45,1642,1958,2,1,99
2778BL,BL,-9,97,28,35,3565,1,0,0
2778BL,BL,-8,8,2,953,2647,1,1,8
2778BL,BL,-7,60,12,394,3206,2,1,110
2778BL,BL,-6,0,0,0,3600,0,0,0
2778BL,BL,-5,222,64,2045,1555,1,0,0
2778BL,BL,-4,143,34,3600,0,0,0,0
2778BL,BL,-3,128,42,2682,918,4,2,226
2778BL,BL,-2,275,49,1406,2194,10,5,3137
2778BL,BL,-1,278,52,3600,0,0,0,0
2778BL,BL,0,287,66,2053,1547,3,2,463
2778BL,BL,1,435,113,2324,1276,3,1,175
2778BR,BR,-23,399,98,3600,0,0,0,0
2778BR,BR,-22,709,166,3600,0,0,0,0
2778BR,BR,-21,492,121,3600,0,0,0,0
2778BR,BR,-20,373,96,3600,0,0,0,0
2778BR,BR,-19,139,35,2883,717,2,1,44
2778BR,BR,-18,673,178,3600,0,0,0,0
2778BR,BR,-17,78,9,2304,1296,3,2,56
2778BR,BR,-16,21,2,405,3195,2,1,18
2778BR,BR,-15,153,36,1608,1992,1,0,0
2778BR,BR,-14,262,80,3600,0,0,0,0
2778BR,BR,-13,236,59,3267,333,2,1,65
2778BR,BR,-12,150,40,1592,2008,3,2,362
2778BR,BR,-11,13,5,286,3314,2,1,63
2778BR,BR,-10,146,44,1643,1957,2,1,96
2778BR,BR,-9,94,33,12,3588,1,0,0
2778BR,BR,-8,17,4,977,2623,1,1,15
2778BR,BR,-7,58,12,391,3209,2,1,110
2778BR,BR,-6,0,0,0,3600,0,0,0
2778BR,BR,-5,244,68,2020,1580,1,0,0
2778BR,BR,-4,147,31,3600,0,0,0,0
2778BR,BR,-3,128,42,2682,918,4,2,226
2778BR,BR,-2,275,49,1406,2194,10,5,3137
2778BR,BR,-1,278,52,3600,0,0,0,0
2778BR,BR,0,287,66,2053,1547,3,2,463
2778BR,BR,1,435,113,2324,1276,3,1,175
2790BL,BL,-23,30,5,643,2957,2,1,28
2790BL,BL,-22,157,50,951,2649,1,0,0
2790BL,BL,-21,216,57,3600,0,0,0,0
2790BL,BL,-20,586,167,3600,0,0,0,0
2790BL,BL,-19,274,76,3600,0,0,0,0
2790BL,BL,-18,420,119,3482,118,2,1,123
2790BL,BL,-17,288,89,3600,0,0,0,0
2790BL,BL,-16,189,57,3600,0,0,0,0
2790BL,BL,-15,489,127,3600,0,0,0,0
2790BL,BL,-14,231,58,3600,0,0,0,0
2790BL,BL,-13,143,35,3151,449,2,1,40
2790BL,BL,-12,227,56,3600,0,0,0,0
2790BL,BL,-11,142,25,2551,1049,4,2,141
2790BL,BL,-10,190,53,3535,65,0,0,0
2790BL,BL,-9,121,27,2493,1107,1,1,39
2790BL,BL,-8,48,6,354,3246,1,0,0
2790BL,BL,-7,130,30,3600,0,0,0,0
2790BL,BL,-6,45,13,1442,2158,1,1,32
2790BL,BL,-5,85,13,1935,1665,1,0,0
2790BL,BL,-4,79,18,2406,1194,2,1,27
2790BL,BL,-3,171,40,2241,1359,2,1,64
2790BL,BL,-2,306,84,2330,1270,1,1,130
2790BL,BL,-1,231,56,1925,1675,1,0,0
2790BL,BL,0,122,19,3103,497,2,1,22
2790BL,BL,1,889,233,3600,0,0,0,0
2790BR,BR,-23,30,2,644,2956,2,1,11
2790BR,BR,-22,130,38,946,2654,1,0,0
2790BR,BR,-21,261,63,3600,0,0,0,0
2790BR,BR,-20,502,139,3600,0,0,0,0
2790BR,BR,-19,261,76,3600,0,0,0,0
2790BR,BR,-18,393,120,3482,118,2,1,124
2790BR,BR,-17,265,84,3600,0,0,0,0
2790BR,BR,-16,178,58,3600,0,0,0,0
2790BR,BR,-15,396,111,3600,0,0,0,0
2790BR,BR,-14,173,48,3600,0,0,0,0
2790BR,BR,-13,119,34,3149,451,2,1,39
2790BR,BR,-12,197,52,3600,0,0,0,0
2790BR,BR,-11,121,28,2556,1044,4,2,158
2790BR,BR,-10,163,36,3530,70,0,0,0
2790BR,BR,-9,92,21,2498,1102,1,1,30
2790BR,BR,-8,36,7,351,3249,1,0,0
2790BR,BR,-7,110,23,3600,0,0,0,0
2790BR,BR,-6,42,14,1446,2154,1,1,35
2790BR,BR,-5,66,13,1932,1668,1,0,0
2790BR,BR,-4,77,19,2404,1196,2,1,28
2790BR,BR,-3,181,37,2242,1358,2,1,59
2790BR,BR,-2,282,72,2335,1265,1,1,111
2790BR,BR,-1,197,42,1922,1678,1,0,0
2790BR,BR,0,104,18,3104,496,2,1,21
2790BR,BR,1,840,212,3600,0,0,0,0
2790FL,FL,-23,46,10,640,2960,2,1,56
2790FL,FL,-22,221,65,1863,1737,1,0,0
2790FL,FL,-21,105,31,3600,0,0,0,0
2790FL,FL,-20,635,176,3600,0,0,0,0
2790FL,FL,-19,194,66,3600,0,0,0,0
2790FL,FL,-18,519,164,3478,122,2,1,170
2790FL,FL,-17,236,78,3600,0,0,0,0
2790FL,FL,-16,258,92,3600,0,0,0,0
2790FL,FL,-15,629,155,3600,0,0,0,0
2790FL,FL,-14,336,83,3600,0,1,1,83
2790FL,FL,-13,187,40,3146,454,1,0,0
2790FL,FL,-12,317,77,3600,0,1,1,77
2790FL,FL,-11,219,50,2478,1122,3,1,73
2790FL,FL,-10,230,70,3600,0,0,0,0
2790FL,FL,-9,95,35,1577,2023,1,1,80
2790FL,FL,-8,46,5,1268,2332,1,0,0
2790FL,FL,-7,163,58,3600,0,1,1,58
2790FL,FL,-6,12,2,525,3075,1,0,0
2790FL,FL,-5,111,33,2847,753,1,1,42
2790FL,FL,-4,79,15,2401,1199,2,1,22
2790FL,FL,-3,331,108,2237,1363,1,0,0
2790FL,FL,-2,243,66,1418,2182,4,2,670
2790FL,FL,-1,280,92,2839,761,0,0,0
2790FL,FL,0,102,27,3099,501,2,1,31
2790FL,FL,1,1537,397,3600,0,0,0,0
2794BL,BL,-23,0,0,0,3600,0,0,0
2794BL,BL,-22,61,12,0,3600,1,0,0
2794BL,BL,-21,152,40,3249,351,0,0,0
2794BL,BL,-20,194,49,2884,716,1,1,61
2794BL,BL,-19,150,33,1610,1990,1,0,0
2794BL,BL,-18,248,66,2334,1266,1,1,102
2794BL,BL,-17,144,40,1606,1994,1,0,0
2794BL,BL,-16,129,32,3600,0,0,0,0
2794BL,BL,-15,220,46,2575,1025,1,1,64
2794BL,BL,-14,94,11,383,3217,1,1,103
2794BL,BL,-13,107,21,415,3185,2,1,182
2794BL,BL,-12,80,19,0,3600,1,0,0
2794BL,BL,-11,114,27,2658,942,1,1,37
2794BL,BL,-10,94,10,181,3419,7,3,1790
2794BL,BL,-9,289,65,942,2658,15,8,15898
2794BL,BL,-8,189,44,1576,2024,9,4,1608
2794BL,BL,-7,245,61,1967,1633,10,5,2791
2794BL,BL,-6,300,71,736,2864,7,4,5557
2794BL,BL,-5,312,54,0,3600,0,0,0
2794BL,BL,-4,204,0,0,3600,0,0,0
2794BL,BL,-3,9,0,0,3600,0,0,0
2794BL,BL,-2,14,0,0,3600,0,0,0
2794BL,BL,-1,198,28,0,3600,0,0,0
2794BL,BL,0,0,0,0,3600,0,0,0
2794BL,BL,1,91,9,0,3600,0,0,0
2794FL,FL,-23,2,0,0,3600,0,0,0
2794FL,FL,-22,41,8,456,3144,1,0,0
2794FL,FL,-21,28,6,3600,0,0,0,0
2794FL,FL,-20,70,20,2073,1527,1,1,35
2794FL,FL,-19,53,15,2417,1183,1,0,0
2794FL,FL,-18,134,41,1523,2077,1,1,97
2794FL,FL,-17,56,14,2412,1188,1,0,0
2794FL,FL,-16,42,9,3600,0,0,0,0
2794FL,FL,-15,59,18,1763,1837,1,1,37
2794FL,FL,-14,34,8,379,3221,2,1,76
2794FL,FL,-13,41,14,411,3189,2,1,123
2794FL,FL,-12,75,19,320,3280,1,0,0
2794FL,FL,-11,87,20,2334,1266,3,2,123
2794FL,FL,-10,85,7,271,3329,11,5,2325
2794FL,FL,-9,135,35,1538,2062,15,8,5243
2794FL,FL,-8,156,31,1513,2087,11,5,1844
2794FL,FL,-7,126,36,1707,1893,9,5,1898
2794FL,FL,-6,253,56,0,3600,0,0,0
2794FL,FL,-5,243,32,0,3600,0,0,0
2794FL,FL,-4,75,0,0,3600,0,0,0
2794FL,FL,-3,0,0,0,3600,0,0,0
2794FL,FL,-2,158,21,0,3600,0,0,0
2794FL,FL,-1,4,1,0,3600,0,0,0
2794FL,FL,0,20,2,0,3600,0,0,0
2794FL,FL,1,103,29,0,3600,0,0,0
2802BL,BL,-23,9,0,0,3600,0,0,0
2802BL,BL,-22,159,30,1372,2228,1,0,0
2802BL,BL,-21,165,49,2005,1595,2,1,88
2802BL,BL,-20,198,53,3315,285,0,0,0
2802BL,BL,-19,160,40,2228,1372,1,1,65
2802BL,BL,-18,3,0,0,3600,0,0,0
2802BL,BL,-17,132,47,1421,2179,2,1,119
2802BL,BL,-16,0,0,0,3600,0,0,0
2802BL,BL,-15,94,26,190,3410,1,0,0
2802BL,BL,-14,246,68,3600,0,1,1,68
2802BL,BL,-13,262,57,2432,1168,2,1,84
2802BL,BL,-12,0,0,288,3312,0,0,0
2802BL,BL,-11,0,0,0,3600,0,0,0
2802BL,BL,-10,361,101,2344,1256,1,0,0
2802BL,BL,-9,158,45,1320,2280,1,1,123
2802BL,BL,-8,80,19,206,3394,2,1,332
2802BL,BL,-7,45,8,0,3600,1,0,0
2802BL,BL,-6,56,5,2106,1494,1,1,9
2802BL,BL,-5,69,15,685,2915,2,1,79
2802BL,BL,-4,8,0,0,3600,0,0,0
2802BL,BL,-3,164,26,2051,1549,3,1,46
2802BL,BL,-2,251,65,2533,1067,3,2,370
2802BL,BL,-1,328,89,2044,1556,3,1,157
2802BL,BL,0,100,22,3600,0,0,0,0
2802BL,BL,1,418,110,2732,868,2,1,145
2802BR,BR,-23,0,0,0,3600,0,0,0
2802BR,BR,-22,94,6,2192,1408,1,0,0
2802BR,BR,-21,111,19,1722,1878,2,1,40
2802BR,BR,-20,77,15,3600,0,0,0,0
2802BR,BR,-19,55,7,1405,2195,1,1,18
2802BR,BR,-18,0,0,0,3600,0,0,0
2802BR,BR,-17,68,15,1422,2178,2,1,38
2802BR,BR,-16,0,0,0,3600,0,0,0
2802BR,BR,-15,64,19,1013,2587,1,0,0
2802BR,BR,-14,187,44,2891,709,2,1,55
2802BR,BR,-13,59,7,2605,995,1,1,10
2802BR,BR,-12,0,0,0,3600,0,0,0
2802BR,BR,-11,35,8,0,3600,1,0,0
2802BR,BR,-10,150,22,3169,431,1,1,25
2802BR,BR,-9,17,3,495,3105,1,0,0
2802BR,BR,-8,18,1,207,3393,1,1,17
2802BR,BR,-7,32,1,336,3264,1,0,0
2802BR,BR,-6,36,0,1769,1831,2,1,0
2802BR,BR,-5,7,1,685,2915,1,1,5
2802BR,BR,-4,23,1,0,3600,1,0,0
2802BR,BR,-3,97,7,2153,1447,2,1,12
2802BR,BR,-2,222,49,2431,1169,4,2,290
2802BR,BR,-1,71,10,2873,727,2,1,13
2802BR,BR,0,82,13,3600,0,0,0,0
2802BR,BR,1,446,130,2040,1560,2,1,229
2802FL,FL,-23,45,7,0,3600,1,0,0
2802FL,FL,-22,84,23,2911,689,1,1,28
2802FL,FL,-21,59,18,1715,1885,1,0,0
2802FL,FL,-20,229,67,3600,0,1,1,67
2802FL,FL,-19,2,0,682,2918,0,0,0
2802FL,FL,-18,59,13,0,3600,1,0,0
2802FL,FL,-17,44,17,1416,2184,1,1,43
2802FL,FL,-16,2,0,0,3600,0,0,0
2802FL,FL,-15,142,40,1733,1867,1,0,0
2802FL,FL,-14,309,91,2427,1173,2,1,135
2802FL,FL,-13,45,14,2340,1260,1,1,22
2802FL,FL,-12,1,0,0,3600,0,0,0
2802FL,FL,-11,118,32,287,3313,1,0,0
2802FL,FL,-10,313,99,3372,228,1,1,106
2802FL,FL,-9,83,21,0,3600,2,1,0
2802FL,FL,-8,7,0,201,3399,0,0,0
2802FL,FL,-7,46,15,1058,2542,3,1,51
2802FL,FL,-6,88,20,1429,2171,3,2,202
2802FL,FL,-5,8,1,331,3269,2,1,11
2802FL,FL,-4,47,15,482,3118,1,0,0
2802FL,FL,-3,197,52,2383,1217,4,2,314
2802FL,FL,-2,522,130,1994,1606,4,2,939
2802FL,FL,-1,110,34,3298,302,0,0,0
2802FL,FL,0,167,56,3600,0,0,0,0
2802FL,FL,1,735,223,2036,1564,2,1,394
2879BL,BL,-23,47,11,1437,2163,3,2,110
2879BL,BL,-22,113,28,0,3600,1,0,0
2879BL,BL,-21,186,60,2964,636,1,1,73
2879BL,BL,-20,91,22,966,2634,1,0,0
2879BL,BL,-19,226,68,3600,0,0,0,0
2879BL,BL,-18,91,26,1580,2020,3,2,237
2879BL,BL,-17,99,24,617,2983,1,0,0
2879BL,BL,-16,262,81,3600,0,0,0,0
2879BL,BL,-15,149,40,1382,2218,4,2,417
2879BL,BL,-14,273,74,3460,140,0,0,0
2879BL,BL,-13,88,25,2086,1514,1,1,43
2879BL,BL,-12,0,0,0,3600,0,0,0
2879BL,BL,-11,34,5,705,2895,2,1,26
2879BL,BL,-10,134,34,1098,2502,1,0,0
2879BL,BL,-9,157,51,2925,675,1,1,63
2879BL,BL,-8,93,23,178,3422,2,1,465
2879BL,BL,-7,3,0,224,3376,0,0,0
2879BL,BL,-6,262,73,1957,1643,2,1,134
2879BL,BL,-5,167,46,806,2794,1,0,0
2879BL,BL,-4,350,108,2572,1028,4,2,605
2879BL,BL,-3,450,130,2224,1376,7,4,3367
2879BL,BL,-2,225,44,1754,1846,5,2,361
2879BL,BL,-1,293,72,3276,324,4,2,316
2879BL,BL,0,359,85,2964,636,5,3,929
2879BL,BL,1,238,62,2624,976,3,1,85
2879BR,BR,-23,55,11,1485,2115,3,2,107
2879BR,BR,-22,86,25,0,3600,1,0,0
2879BR,BR,-21,148,44,2965,635,1,1,53
2879BR,BR,-20,97,29,920,2680,1,0,0
2879BR,BR,-19,184,53,3600,0,0,0,0
2879BR,BR,-18,79,22,1639,1961,3,2,193
2879BR,BR,-17,114,32,559,3041,1,0,0
2879BR,BR,-16,194,56,3600,0,0,0,0
2879BR,BR,-15,142,29,1440,2160,4,2,290
2879BR,BR,-14,234,62,3401,199,0,0,0
2879BR,BR,-13,82,17,2147,1453,1,1,29
2879BR,BR,-12,1,0,0,3600,0,0,0
2879BR,BR,-11,77,14,704,2896,2,1,72
2879BR,BR,-10,84,29,1037,2563,1,0,0
2879BR,BR,-9,157,41,2991,609,1,1,49
2879BR,BR,-8,100,23,115,3485,2,1,720
2879BR,BR,-7,0,0,287,3313,0,0,0
2879BR,BR,-6,220,66,1891,1709,2,1,126
2879BR,BR,-5,171,47,872,2728,1,0,0
2879BR,BR,-4,277,74,2510,1090,4,2,425
2879BR,BR,-3,484,122,2279,1321,7,4,3083
2879BR,BR,-2,193,39,1557,2043,5,2,361
2879BR,BR,-1,230,56,3298,302,4,2,245
2879BR,BR,0,330,71,2948,652,5,3,780
2879BR,BR,1,185,43,2619,981,3,1,59
2879FL,FL,-23,38,3,1481,2119,3,2,29
2879FL,FL,-22,87,25,0,3600,1,0,0
2879FL,FL,-21,162,45,2959,641,1,1,55
2879FL,FL,-20,78,19,913,2687,1,0,0
2879FL,FL,-19,248,80,3600,0,0,0,0
2879FL,FL,-18,117,41,1629,1971,3,2,362
2879FL,FL,-17,120,25,557,3043,1,0,0
2879FL,FL,-16,236,75,3600,0,0,0,0
2879FL,FL,-15,113,42,1431,2169,4,2,423
2879FL,FL,-14,274,76,3399,201,0,0,0
2879FL,FL,-13,92,28,2143,1457,1,1,47
2879FL,FL,-12,3,0,0,3600,0,0,0
2879FL,FL,-11,51,12,699,2901,2,1,62
2879FL,FL,-10,115,39,1035,2565,1,0,0
2879FL,FL,-9,169,63,2981,619,1,1,76
2879FL,FL,-8,101,30,113,3487,2,1,956
2879FL,FL,-7,2,0,283,3317,2,1,0
2879FL,FL,-6,284,95,1900,1700,4,2,720
2879FL,FL,-5,199,70,867,2733,1,0,0
2879FL,FL,-4,362,115,2494,1106,4,2,664
2879FL,FL,-3,611,202,2268,1332,7,4,5130
2879FL,FL,-2,201,43,1531,2069,5,2,404
2879FL,FL,-1,340,93,3292,308,4,2,407
2879FL,FL,0,426,135,2925,675,7,4,2658
2879FL,FL,1,275,74,2614,986,5,2,408
2949BL,BL,-23,51,19,210,3390,2,1,326
2949BL,BL,-22,193,51,1233,2367,1,0,0
2949BL,BL,-21,90,22,2787,813,2,1,28
2949BL,BL,-20,20,6,460,3140,1,1,47
2949BL,BL,-19,65,12,1492,2108,1,0,0
2949BL,BL,-18,160,49,2646,954,3,2,267
2949BL,BL,-17,4,0,377,3223,0,0,0
2949BL,BL,-16,7,1,0,3600,1,0,0
2949BL,BL,-15,32,4,1237,2363,0,0,0
2949BL,BL,-14,35,5,651,2949,1,0,0
2949BL,BL,-13,12,1,962,2638,2,1,4
2949BL,BL,-12,23,5,625,2975,1,1,29
2949BL,BL,-11,10,0,0,3600,1,0,0
2949BL,BL,-10,56,15,1459,2141,3,2,148
2949BL,BL,-9,0,0,724,2876,0,0,0
2949BL,BL,-8,216,69,1735,1865,1,0,0
2949BL,BL,-7,233,83,3600,0,0,0,0
2949BL,BL,-6,323,103,3600,0,0,0,0
2949BL,BL,-5,219,70,3600,0,0,0,0
2949BL,BL,-4,116,34,3167,433,2,1,39
2949BL,BL,-3,99,28,2331,1269,1,1,43
2949BL,BL,-2,143,37,1714,1886,3,1,78
2949BL,BL,-1,241,60,3030,570,2,1,71
2949BL,BL,0,55,7,1683,1917,2,1,15
2949BL,BL,1,179,54,1987,1613,4,2,391
2949BR,BR,-23,53,20,538,3062,2,1,134
2949BR,BR,-22,212,59,1786,1814,1,0,0
2949BR,BR,-21,89,26,2100,1500,3,2,178
2949BR,BR,-20,2,0,263,3337,0,0,0
2949BR,BR,-19,113,26,2376,1224,2,1,39
2949BR,BR,-18,152,47,2140,1460,2,1,79
2949BR,BR,-17,0,0,0,3600,0,0,0
2949BR,BR,-16,29,5,319,3281,1,0,0
2949BR,BR,-15,11,1,949,2651,1,1,4
2949BR,BR,-14,47,9,1536,2064,2,1,21
2949BR,BR,-13,15,1,376,3224,2,1,10
2949BR,BR,-12,4,0,328,3272,0,0,0
2949BR,BR,-11,24,5,867,2733,2,1,21
2949BR,BR,-10,52,15,1316,2284,2,1,41
2949BR,BR,-9,9,0,0,3600,0,0,0
2949BR,BR,-8,319,97,2621,979,1,0,0
2949BR,BR,-7,229,66,3600,0,0,0,0
2949BR,BR,-6,336,92,3600,0,0,0,0
2949BR,BR,-5,235,69,3600,0,0,0,0
2949BR,BR,-4,98,25,3171,429,2,1,28
2949BR,BR,-3,82,24,1446,2154,2,1,60
2949BR,BR,-2,180,40,3389,211,1,1,42
2949BR,BR,-1,294,65,3028,572,2,1,77
2949BR,BR,0,48,1,1685,1915,2,1,2
2949BR,BR,1,191,55,1985,1615,3,1,100
2949FL,FL,-23,56,10,535,3065,2,1,67
2949FL,FL,-22,208,56,1617,1983,1,0,0
2949FL,FL,-21,93,22,2095,1505,3,2,151
2949FL,FL,-20,3,0,585,3015,2,1,0
2949FL,FL,-19,83,18,2814,786,2,1,23
2949FL,FL,-18,146,39,2300,1300,2,1,61
2949FL,FL,-17,3,0,0,3600,0,0,0
2949FL,FL,-16,24,5,148,3452,1,0,0
2949FL,FL,-15,11,2,1083,2517,1,1,7
2949FL,FL,-14,33,3,1364,2236,2,1,8
2949FL,FL,-13,28,1,372,3228,2,1,10
2949FL,FL,-12,10,0,491,3109,0,0,0
2949FL,FL,-11,29,2,695,2905,2,1,10
2949FL,FL,-10,50,11,1471,2129,2,1,27
2949FL,FL,-9,0,0,6,3594,0,0,0
2949FL,FL,-8,377,111,2449,1151,1,0,0
2949FL,FL,-7,263,92,3600,0,0,0,0
2949FL,FL,-6,392,116,3600,0,0,0,0
2949FL,FL,-5,236,69,3600,0,0,0,0
2949FL,FL,-4,105,22,3162,438,2,1,25
2949FL,FL,-3,111,25,1612,1988,3,2,223
2949FL,FL,-2,191,51,2421,1179,2,1,76
2949FL,FL,-1,342,89,3025,575,2,1,106
2949FL,FL,0,69,11,1678,1922,2,1,24
2949FL,FL,1,229,73,1974,1626,3,1,133
6436BL,BL,-23,73,22,3600,0,0,0,0
6436BL,BL,-22,91,30,3189,411,1,1,34
6436BL,BL,-21,2,0,0,3600,0,0,0
6436BL,BL,-20,68,16,153,3447,1,0,0
6436BL,BL,-19,91,27,3600,0,0,0,0
6436BL,BL,-18,58,18,1334,2266,1,1,49
6436BL,BL,-17,0,0,0,3600,0,0,0
6436BL,BL,-16,209,63,2672,928,1,0,0
6436BL,BL,-15,255,64,2188,1412,1,1,105
6436BL,BL,-14,3,0,0,3600,0,0,0
6436BL,BL,-13,45,11,420,3180,2,1,94
6436BL,BL,-12,0,0,0,3600,0,0,0
6436BL,BL,-11,22,6,373,3227,2,1,58
6436BL,BL,-10,5,0,872,2728,0,0,0
6436BL,BL,-9,7,0,0,3600,1,0,0
6436BL,BL,-8,10,3,722,2878,1,1,15
6436BL,BL,-7,0,0,0,3600,0,0,0
6436BL,BL,-6,13,2,0,3600,1,0,0
6436BL,BL,-5,97,20,1344,2256,3,2,214
6436BL,BL,-4,95,24,1396,2204,2,1,62
6436BL,BL,-3,46,5,545,3055,3,1,33
6436BL,BL,-2,170,44,1029,2571,6,3,1385
6436BL,BL,-1,84,22,2389,1211,1,1,33
6436BL,BL,0,31,4,759,2841,2,1,19
6436BL,BL,1,53,11,0,3600,1,0,0
6436BR,BR,-23,111,20,3600,0,0,0,0
6436BR,BR,-22,92,29,3216,384,1,1,32
6436BR,BR,-21,0,0,0,3600,0,0,0
6436BR,BR,-20,69,18,125,3475,1,0,0
6436BR,BR,-19,110,29,3600,0,0,0,0
6436BR,BR,-18,51,17,1364,2236,1,1,45
6436BR,BR,-17,2,0,0,3600,0,0,0
6436BR,BR,-16,222,66,2645,955,1,0,0
6436BR,BR,-15,202,54,2215,1385,1,1,88
6436BR,BR,-14,0,0,0,3600,0,0,0
6436BR,BR,-13,43,12,421,3179,2,1,103
6436BR,BR,-12,2,0,0,3600,0,0,0
6436BR,BR,-11,20,3,345,3255,1,0,0
6436BR,BR,-10,0,0,900,2700,0,0,0
6436BR,BR,-9,2,0,0,3600,1,0,0
6436BR,BR,-8,22,2,723,2877,1,1,10
6436BR,BR,-7,3,0,0,3600,0,0,0
6436BR,BR,-6,14,2,0,3600,1,0,0
6436BR,BR,-5,87,23,1316,2284,3,2,252
6436BR,BR,-4,98,17,1397,2203,2,1,44
6436BR,BR,-3,47,2,571,3029,2,1,13
6436BR,BR,-2,214,46,1032,2568,7,3,1444
6436BR,BR,-1,102,23,2389,1211,1,1,35
6436BR,BR,0,21,2,758,2842,2,1,9
6436BR,BR,1,5,0,0,3600,1,0,0
6436FL,FL,-23,123,35,3600,0,0,0,0
6436FL,FL,-22,73,23,2441,1159,1,1,34
6436FL,FL,-21,10,0,0,3600,0,0,0
6436FL,FL,-20,67,15,898,2702,1,0,0
6436FL,FL,-19,151,46,3600,0,1,1,46
6436FL,FL,-18,0,0,587,3013,0,0,0
6436FL,FL,-17,76,23,0,3600,1,0,0
6436FL,FL,-16,329,89,3417,183,0,0,0
6436FL,FL,-15,170,39,1440,2160,1,1,98
6436FL,FL,-14,12,1,0,3600,1,0,0
6436FL,FL,-13,43,12,416,3184,1,1,104
6436FL,FL,-12,0,0,0,3600,0,0,0
6436FL,FL,-11,16,2,1118,2482,2,1,6
6436FL,FL,-10,13,0,123,3477,0,0,0
6436FL,FL,-9,13,1,333,3267,2,1,11
6436FL,FL,-8,0,0,384,3216,1,0,0
6436FL,FL,-7,1,0,355,3245,1,1,0
6436FL,FL,-6,48,9,428,3172,2,1,76
6436FL,FL,-5,58,16,1439,2161,2,1,40
6436FL,FL,-4,66,16,1346,2254,2,1,43
6436FL,FL,-3,68,7,181,3419,7,3,1253
6436FL,FL,-2,170,41,1069,2531,6,3,1243
6436FL,FL,-1,42,10,2360,1240,1,1,15
6436FL,FL,0,14,1,755,2845,2,1,5
6436FL,FL,1,58,16,0,3600,1,0,0
6692BL,BL,-23,105,9,0,3600,1,0,0
6692BL,BL,-22,170,42,2914,686,1,1,52
6692BL,BL,-21,0,0,168,3432,0,0,0
6692BL,BL,-20,19,1,534,3066,2,1,7
6692BL,BL,-19,40,0,0,3600,0,0,0
6692BL,BL,-18,130,28,139,3461,1,0,0
6692BL,BL,-17,77,20,2936,664,1,1,25
6692BL,BL,-16,22,0,0,3600,0,0,0
6692BL,BL,-15,21,0,0,3600,0,0,0
6692BL,BL,-14,29,2,0,3600,2,1,0
6692BL,BL,-13,0,0,343,3257,0,0,0
6692BL,BL,-12,0,0,0,3600,0,0,0
6692BL,BL,-11,0,0,0,3600,0,0,0
6692BL,BL,-10,173,39,1484,2116,2,1,95
6692BL,BL,-9,0,0,635,2965,0,0,0
6692BL,BL,-8,7,0,0,3600,0,0,0
6692BL,BL,-7,19,0,0,3600,1,0,0
6692BL,BL,-6,212,49,1366,2234,3,2,517
6692BL,BL,-5,129,25,1491,2109,2,1,60
6692BL,BL,-4,10,0,0,3600,0,0,0
6692BL,BL,-3,178,25,45,3555,4,2,8000
6692BL,BL,-2,202,45,2177,1423,3,1,74
6692BL,BL,-1,181,45,3058,542,5,3,477
6692BL,BL,0,0,0,225,3375,0,0,0
6692BL,BL,1,7,0,227,3373,2,1,0
6692BR,BR,-23,72,15,0,3600,1,0,0
6692BR,BR,-22,544,125,2908,692,3,2,619
6692BR,BR,-21,29,0,170,3430,0,0,0
6692BR,BR,-20,152,29,532,3068,2,1,196
6692BR,BR,-19,0,0,0,3600,0,0,0
6692BR,BR,-18,129,29,134,3466,1,0,0
6692BR,BR,-17,227,63,2937,663,1,1,77
6692BR,BR,-16,0,0,0,3600,0,0,0
6692BR,BR,-15,0,0,0,3600,0,0,0
6692BR,BR,-14,22,1,0,3600,2,1,0
6692BR,BR,-13,2,0,343,3257,0,0,0
6692BR,BR,-12,4,0,0,3600,0,0,0
6692BR,BR,-11,1,0,0,3600,0,0,0
6692BR,BR,-10,196,36,1482,2118,2,1,87
6692BR,BR,-9,0,0,637,2963,0,0,0
6692BR,BR,-8,0,0,0,3600,0,0,0
6692BR,BR,-7,12,0,0,3600,1,0,0
6692BR,BR,-6,275,65,1364,2236,3,2,686
6692BR,BR,-5,63,11,1492,2108,2,1,27
6692BR,BR,-4,0,0,0,3600,0,0,0
6692BR,BR,-3,159,28,45,3555,4,2,8960
6692BR,BR,-2,144,21,2171,1429,3,1,35
6692BR,BR,-1,155,23,3059,541,5,3,244
6692BR,BR,0,5,0,229,3371,0,0,0
6692BR,BR,1,22,4,227,3373,2,1,63
6692FL,FL,-23,40,9,96,3504,1,0,0
6692FL,FL,-22,76,20,2977,623,1,1,24
6692FL,FL,-21,11,0,23,3577,2,1,0
6692FL,FL,-20,44,10,527,3073,2,1,68
6692FL,FL,-19,10,0,0,3600,0,0,0
6692FL,FL,-18,68,17,923,2677,1,0,0
6692FL,FL,-17,46,12,2143,1457,1,1,20
6692FL,FL,-16,5,0,0,3600,0,0,0
6692FL,FL,-15,6,0,0,3600,2,1,0
6692FL,FL,-14,20,2,340,3260,2,1,21
6692FL,FL,-13,4,0,0,3600,0,0,0
6692FL,FL,-12,4,0,0,3600,0,0,0
6692FL,FL,-11,6,0,0,3600,0,0,0
6692FL,FL,-10,166,38,2112,1488,2,1,65
6692FL,FL,-9,0,0,0,3600,0,0,0
6692FL,FL,-8,3,0,0,3600,0,0,0
6692FL,FL,-7,95,25,4,3596,3,1,22500
6692FL,FL,-6,187,45,1917,1683,3,2,338
6692FL,FL,-5,107,28,922,2678,2,1,109
6692FL,FL,-4,2,0,0,3600,0,0,0
6692FL,FL,-3,229,48,492,3108,7,3,3161
6692FL,FL,-2,111,25,2536,1064,4,2,142
6692FL,FL,-1,217,59,2484,1116,3,2,342
6692FL,FL,0,2,0,638,2962,4,2,0
6692FL,FL,1,16,1,221,3379,2,1,16
801BL,BL,-23,100,27,1251,2349,2,1,78
801BL,BL,-22,171,45,2084,1516,2,1,78
801BL,BL,-21,37,9,473,3127,1,0,0
801BL,BL,-20,148,48,3600,0,0,0,0
801BL,BL,-19,193,35,2286,1314,2,1,55
801BL,BL,-18,273,56,3093,507,1,1,65
801BL,BL,-17,36,9,0,3600,1,0,0
801BL,BL,-16,43,8,2387,1213,1,1,12
801BL,BL,-15,271,64,1419,2181,1,0,0
801BL,BL,-14,194,46,1815,1785,2,1,91
801BL,BL,-13,148,46,2728,872,1,1,61
801BL,BL,-12,89,19,564,3036,1,0,0
801BL,BL,-11,143,30,2506,1094,2,1,43
801BL,BL,-10,228,45,2891,709,0,0,0
801BL,BL,-9,23,3,1088,2512,1,1,10
801BL,BL,-8,117,22,945,2655,1,0,0
801BL,BL,-7,26,4,1135,2465,1,1,13
801BL,BL,-6,57,10,1672,1928,2,1,22
801BL,BL,-5,167,36,1806,1794,1,0,0
801BL,BL,-4,21,2,990,2610,2,1,7
801BL,BL,-3,73,11,1634,1966,2,1,24
801BL,BL,-2,103,24,1007,2593,2,1,86
801BL,BL,-1,175,41,2588,1012,1,1,57
801BL,BL,0,94,21,368,3232,1,0,0
801BL,BL,1,178,33,1833,1767,2,1,65
801BR,BR,-23,47,15,1250,2350,2,1,43
801BR,BR,-22,218,56,2084,1516,2,1,97
801BR,BR,-21,52,11,393,3207,1,0,0
801BR,BR,-20,120,25,3600,0,0,0,0
801BR,BR,-19,195,56,2284,1316,2,1,88
801BR,BR,-18,261,67,3173,427,1,1,76
801BR,BR,-17,44,12,0,3600,1,0,0
801BR,BR,-16,58,9,2387,1213,1,1,14
801BR,BR,-15,232,56,1339,2261,1,0,0
801BR,BR,-14,180,53,1895,1705,2,1,101
801BR,BR,-13,173,47,2728,872,1,1,62
801BR,BR,-12,101,28,484,3116,1,0,0
801BR,BR,-11,142,31,2586,1014,2,1,43
801BR,BR,-10,191,44,2809,791,0,0,0
801BR,BR,-9,39,14,1168,2432,1,1,43
801BR,BR,-8,101,26,863,2737,1,0,0
801BR,BR,-7,42,16,1216,2384,1,1,47
801BR,BR,-6,66,16,1673,1927,2,1,34
801BR,BR,-5,155,30,1725,1875,1,0,0
801BR,BR,-4,48,10,1069,2531,2,1,34
801BR,BR,-3,91,19,1549,2051,2,1,44
801BR,BR,-2,116,27,1088,2512,2,1,89
801BR,BR,-1,194,53,2589,1011,1,1,74
801BR,BR,0,65,16,288,3312,1,0,0
801BR,BR,1,177,43,1833,1767,2,1,84
801FL,FL,-23,163,52,1243,2357,3,1,151
801FL,FL,-22,159,46,2078,1522,1,1,80
801FL,FL,-21,59,13,1296,2304,1,0,0
801FL,FL,-20,195,65,3600,0,1,1,65
801FL,FL,-19,288,82,2279,1321,1,0,0
801FL,FL,-18,323,107,2263,1337,1,1,170
801FL,FL,-17,53,14,513,3087,1,0,0
801FL,FL,-16,65,20,1867,1733,1,1,39
801FL,FL,-15,338,93,2243,1357,1,0,0
801FL,FL,-14,289,67,1498,2102,2,1,161
801FL,FL,-13,195,75,2207,1393,1,1,122
801FL,FL,-12,147,42,1388,2212,1,0,0
801FL,FL,-11,192,39,1788,1812,2,1,79
801FL,FL,-10,318,111,3600,0,1,1,111
801FL,FL,-9,3,0,254,3346,0,0,0
801FL,FL,-8,190,67,1766,1834,2,1,137
801FL,FL,-7,45,14,306,3294,1,0,0
801FL,FL,-6,56,16,1665,1935,1,1,35
801FL,FL,-5,206,69,2629,971,2,1,94
801FL,FL,-4,42,6,387,3213,2,1,56
801FL,FL,-3,150,46,2216,1384,2,1,75
801FL,FL,-2,188,56,495,3105,1,0,0
801FL,FL,-1,215,86,2262,1338,1,1,137
801FL,FL,0,257,91,1192,2408,1,0,0
801FL,FL,1,248,85,1825,1775,2,1,168
812BL,BL,-23,75,5,683,2917,1,0,0
812BL,BL,-22,51,5,2707,893,1,1,7
812BL,BL,-21,35,8,0,3600,1,0,0
812BL,BL,-20,25,8,1197,2403,1,1,24
812BL,BL,-19,10,0,0,3600,1,0,0
812BL,BL,-18,122,28,2470,1130,1,1,41
812BL,BL,-17,16,0,0,3600,2,1,0
812BL,BL,-16,0,0,734,2866,0,0,0
812BL,BL,-15,23,1,942,2658,2,1,4
812BL,BL,-14,3,0,0,3600,1,0,0
812BL,BL,-13,24,1,442,3158,1,1,8
812BL,BL,-12,28,2,968,2632,3,1,7
812BL,BL,-11,106,29,3290,310,1,1,32
812BL,BL,-10,103,27,1851,1749,2,1,53
812BL,BL,-9,70,9,2050,1550,2,1,16
812BL,BL,-8,56,9,1872,1728,2,1,17
812BL,BL,-7,0,0,236,3364,0,0,0
812BL,BL,-6,43,1,632,2968,2,1,6
812BL,BL,-5,148,43,770,2830,2,1,201
812BL,BL,-4,52,6,581,3019,4,2,149
812BL,BL,-3,18,3,1124,2476,2,1,10
812BL,BL,-2,3,0,0,3600,0,0,0
812BL,BL,-1,34,2,7,3593,2,1,1029
812BL,BL,0,35,3,0,3600,2,1,0
812BL,BL,1,42,6,15,3585,3,1,1440
812BR,BR,-23,49,11,787,2813,1,0,0
812BR,BR,-22,45,4,3600,0,0,0,0
812BR,BR,-21,39,10,2831,769,2,1,13
812BR,BR,-20,40,12,1405,2195,1,1,31
812BR,BR,-19,15,0,0,3600,1,0,0
812BR,BR,-18,104,16,2860,740,0,0,0
812BR,BR,-17,11,1,2182,1418,2,1,2
812BR,BR,-16,7,0,734,2866,1,1,0
812BR,BR,-15,30,2,1103,2497,4,2,26
812BR,BR,-14,8,1,441,3159,1,0,0
812BR,BR,-13,3,1,444,3156,1,1,8
812BR,BR,-12,30,2,1883,1717,1,0,0
812BR,BR,-11,137,37,3600,0,1,1,37
812BR,BR,-10,90,31,2378,1222,2,1,47
812BR,BR,-9,49,11,2052,1548,1,0,0
812BR,BR,-8,67,13,2586,1014,3,2,72
812BR,BR,-7,0,0,373,3227,0,0,0
812BR,BR,-6,35,7,629,2971,2,1,40
812BR,BR,-5,144,47,632,2968,2,1,268
812BR,BR,-4,34,4,716,2884,3,1,20
812BR,BR,-3,26,1,1369,2231,3,2,11
812BR,BR,-2,48,0,4,3596,2,1,0
812BR,BR,-1,33,4,7,3593,2,1,2057
812BR,BR,0,13,2,0,3600,2,1,0
812BR,BR,1,80,13,6,3594,1,0,0
812FL,FL,-23,95,28,1452,2148,1,0,0
812FL,FL,-22,32,8,1932,1668,1,1,15
812FL,FL,-21,134,43,697,2903,2,1,222
812FL,FL,-20,2,0,495,3105,0,0,0
812FL,FL,-19,54,17,165,3435,1,0,0
812FL,FL,-18,172,58,2297,1303,1,1,91
812FL,FL,-17,14,0,620,2980,2,1,0
812FL,FL,-16,13,2,109,3491,1,0,0
812FL,FL,-15,16,2,934,2666,1,1,8
812FL,FL,-14,31,1,170,3430,2,1,21
812FL,FL,-13,18,0,266,3334,1,0,0
812FL,FL,-12,102,29,1731,1869,2,1,60
812FL,FL,-11,116,39,2517,1083,1,1,56
812FL,FL,-10,170,51,2102,1498,2,1,87
812FL,FL,-9,88,25,2364,1236,2,1,38
812FL,FL,-8,103,30,1527,2073,2,1,71
812FL,FL,-7,0,0,0,3600,0,0,0
812FL,FL,-6,49,5,621,2979,2,1,29
812FL,FL,-5,302,66,911,2689,2,1,261
812FL,FL,-4,68,6,792,2808,4,2,109
812FL,FL,-3,26,5,740,2860,2,1,24
812FL,FL,-2,2,0,0,3600,0,0,0
812FL,FL,-1,40,0,0,3600,0,0,0
812FL,FL,0,43,0,0,3600,0,0,0
812FL,FL,1,166,48,645,2955,1,0,0
9BL,BL,-23,46,13,115,3485,2,1,407
9BL,BL,-22,40,7,1056,2544,1,0,0
9BL,BL,-21,52,16,3600,0,0,0,0
9BL,BL,-20,80,24,2359,1241,1,1,37
9BL,BL,-19,0,0,0,3600,0,0,0
9BL,BL,-18,215,53,1017,2583,1,0,0
9BL,BL,-17,232,73,3600,0,0,0,0
9BL,BL,-16,160,48,2310,1290,1,1,75
9BL,BL,-15,204,52,2193,1407,1,0,0
9BL,BL,-14,77,12,2162,1438,1,1,20
9BL,BL,-13,101,21,1031,2569,1,0,0
9BL,BL,-12,135,34,3600,0,0,0,0
9BL,BL,-11,39,9,1906,1694,1,1,17
9BL,BL,-10,72,21,1614,1986,1,0,0
9BL,BL,-9,84,24,3600,0,0,0,0
9BL,BL,-8,125,37,1886,1714,1,1,71
9BL,BL,-7,76,13,1908,1692,2,1,25
9BL,BL,-6,5,0,0,3600,0,0,0
9BL,BL,-5,33,7,1060,2540,1,0,0
9BL,BL,-4,1,1,1100,2500,1,1,3
9BL,BL,-3,26,2,639,2961,2,1,11
9BL,BL,-2,66,5,531,3069,1,0,0
9BL,BL,-1,23,3,2779,821,1,1,4
9BL,BL,0,60,16,0,3600,1,0,0
9BL,BL,1,131,26,3371,229,0,0,0
9BR,BR,-23,63,10,114,3486,2,1,316
9BR,BR,-22,24,6,908,2692,1,0,0
9BR,BR,-21,43,8,3600,0,0,0,0
9BR,BR,-20,99,12,2512,1088,1,1,17
9BR,BR,-19,6,0,0,3600,0,0,0
9BR,BR,-18,159,40,871,2729,1,0,0
9BR,BR,-17,169,42,3600,0,0,0,0
9BR,BR,-16,92,18,2460,1140,1,1,26
9BR,BR,-15,144,32,2048,1552,1,0,0
9BR,BR,-14,35,2,2307,1293,1,1,3
9BR,BR,-13,96,15,881,2719,1,0,0
9BR,BR,-12,76,12,3600,0,0,0,0
9BR,BR,-11,18,1,2114,1486,1,1,2
9BR,BR,-10,43,14,1467,2133,1,0,0
9BR,BR,-9,82,9,3600,0,0,0,0
9BR,BR,-8,92,27,2076,1524,1,1,47
9BR,BR,-7,69,12,1906,1694,2,1,23
9BR,BR,-6,0,0,0,3600,0,0,0
9BR,BR,-5,16,0,911,2689,1,0,0
9BR,BR,-4,11,0,1268,2332,1,1,0
9BR,BR,-3,18,3,638,2962,2,1,17
9BR,BR,-2,7,1,382,3218,1,0,0
9BR,BR,-1,19,1,3361,239,1,1,1
9BR,BR,0,38,10,0,3600,1,0,0
9BR,BR,1,162,35,3224,376,0,0,0
9FL,FL,-23,11,0,109,3491,0,0,0
9FL,FL,-22,58,11,1751,1849,1,0,0
9FL,FL,-21,157,44,3600,0,0,0,0
9FL,FL,-20,15,1,1658,1942,1,1,2
9FL,FL,-19,3,0,0,3600,0,0,0
9FL,FL,-18,296,69,1713,1887,1,0,0
9FL,FL,-17,429,141,3600,0,0,0,0
9FL,FL,-16,184,62,1606,1994,2,1,139
9FL,FL,-15,135,53,2890,710,0,0,0
9FL,FL,-14,67,8,1459,2141,1,1,20
9FL,FL,-13,149,39,1723,1877,1,0,0
9FL,FL,-12,184,67,3600,0,0,0,0
9FL,FL,-11,24,0,1204,2396,1,1,0
9FL,FL,-10,118,29,2310,1290,1,0,0
9FL,FL,-9,250,85,3600,0,0,0,0
9FL,FL,-8,78,16,1185,2415,2,1,49
9FL,FL,-7,41,6,1903,1697,1,1,11
9FL,FL,-6,7,0,0,3600,0,0,0
9FL,FL,-5,32,4,1756,1844,2,1,8
9FL,FL,-4,15,1,1097,2503,7,3,30
9FL,FL,-3,56,6,1635,1965,3,2,53
9FL,FL,-2,77,11,1226,2374,1,0,0
9FL,FL,-1,40,10,2079,1521,1,1,17
9FL,FL,0,159,48,466,3134,1,0,0
9FL,FL,1,195,56,3600,0,1,1,56
